province;red;green;blue;x;x;
1;128;34;64;Sever Oberlandov;x;
2;0;36;128;o. Habarisha;x;
3;128;38;192;Berega germanskie;x;
4;0;40;255;Sever o. Dordon;x;
5;128;42;0;Yug o. Dordon;x;
6;0;44;64;Holodnaya Germaniya;x;
7;129;46;128;Berega anarhii;x;
8;1;48;192;East Big Pig;x;
9;129;50;255;Holodniy Kravilon;x;
10;1;52;0;Pervokebabsk;x;
11;129;54;64;Zimnosvinsk;x;
12;1;56;128;o. Holodnolevonsk;x;
13;129;58;192;Yug o. Belih Medvedey;x;
14;2;60;255;Sever o. Belih Medvedey;x;
15;130;62;0;Zheltokebabsk;x;
16;2;64;64;Pervokebabov bereg;x;
17;130;66;128;Kebabiy 1;x;
18;2;68;192;Hvost Oberlandov;x;
19;130;70;255;Nordelandi (w);x;
20;2;72;0;Nordelandi (e);x;
21;131;74;64;Kroshelburg;x;
22;3;76;128;Anglozheltsk;x;
23;131;78;192;Fridrihsburg;x;
24;3;80;255;Anglosinevsk;x;
25;131;82;0;Brittov val;x;
26;3;84;64;Zheltaya gavan;x;
27;131;86;128;Imperatorovi Gavani;x;
28;4;88;192;Tervold;x;
29;132;90;255;Givestladden;x;
30;4;92;0;Grosmand;x;
31;132;94;64;Lakermia;x;
32;4;96;128;Randersar;x;
33;132;98;192;Port-Hects;x;
34;4;100;255;Gavani Ustarda;x;
35;133;102;0;Gerdismarden;x;
36;5;104;64;Zapad Levonii;x;
37;133;106;128;Kravilon;x;
38;5;108;192;Westenmescil;x;
39;133;110;255;Ostenmescil;x;
40;5;112;0;Slardeburg;x;
41;133;114;64;Ergensburg;x;
42;6;116;128;Tebeltia;x;
43;134;118;192;Resorda;x;
44;6;120;255;Levinda;x;
45;134;122;0;Northwest Misal;x;
46;6;124;64;Gavan Nikodiseasa;x;
47;134;126;128;Vn Nagora;x;
48;6;128;192;Outer Nagora;x;
49;135;130;255;Mongolovu Gavani;x;
50;7;132;0;Nermad;x;
51;135;134;64;Mayakovsk;x;
52;7;136;128;Ochishi;x;
53;135;138;192;Naran-Ude;x;
54;7;140;255;Nomadar;x;
55;135;142;0;Nerkel-Kuri;x;
56;8;144;64;Ulan-Nomar;x;
57;136;146;128;Malevsk;x;
58;8;148;192;Malishevkins;x;
59;136;150;255;Dormel;x;
60;8;152;0;Zvezdnaya Ryazan;x;
61;136;154;64;Zansk;x;
62;8;156;128;Pervodominskiy bereg;x;
63;137;158;192;Yugo-zapadnie polya;x;
64;9;32;255;Smesh-grad;x;
65;137;34;0;Dominskie lesa;x;
66;9;36;64;Mongolovi Polya;x;
67;137;38;128;Kosev pereval;x;
68;9;40;192;Zelensk;x;
69;137;42;255;Severo-vostochnie lesa;x;
70;10;44;0;Volkonsk;x;
71;138;46;64;Jordemala;x;
72;10;48;128;Kosargonia;x;
73;138;50;192;Kosgrad;x;
74;10;52;255;Pobedograd;x;
75;138;54;0;Kosovo;x;
76;10;56;64;Ulkanavtsk;x;
77;139;58;128;Kosrozia;x;
78;11;60;192;Kosegorie;x;
79;139;62;255;Sharanavtsk;x;
80;11;64;0;Kose-smeshevsk;x;
81;139;66;64;Kose-luga;x;
82;11;68;128;Tacoland;x;
83;139;70;192;Zemli ptzfuri;x;
84;12;72;255;Kordburg;x;
85;140;74;0;Igora (east);x;
86;12;76;64;Igora (west);x;
87;140;78;128;Malie Igori;x;
88;12;80;192;Ostrova im. Rolikista;x;
89;140;82;255;Newstar (south);x;
90;12;84;0;Newstar (north);x;
91;141;86;64;West Shetland;x;
92;13;88;128;East Shetland;x;
93;141;90;192;Pridnestrovian islands;x;
94;13;92;255;Mioniy;x;
95;141;94;0;Rengeria;x;
96;13;96;64;Bomzhegrad;x;
97;141;98;128;Berega Okiana;x;
98;14;100;192;Komers;x;
99;142;102;255;Holgon;x;
100;14;104;0;Lemor;x;
101;142;106;64;Ostroger;x;
102;14;108;128;Vostochnie zemli groksov;x;
103;85;80;32;Lihterun;x;
104;14;112;255;Polya Sharsika;x;
105;143;114;0;Gavani Milikimbi;x;
106;15;116;64;Taris;x;
107;143;118;128;Siniusdansberg;x;
108;15;120;192;Narkutsk;x;
109;143;122;255;Polya Fobosa;x;
110;15;124;0;Remers;x;
111;143;126;64;Zemli Chernih;x;
112;16;128;128;Riflotown;x;
113;144;130;192;Amerosmeshia;x;
114;16;132;255;Gosar;x;
115;144;134;0;Antiimpersk;x;
116;16;136;64;Temnie lesa;x;
117;144;138;128;Marknur;x;
118;16;140;192;Svoboda;x;
119;145;142;255;Lintapia;x;
120;17;144;0;Hinor;x;
121;145;146;64;Order;x;
122;17;148;128;Virone;x;
123;145;150;192;Trebonland;x;
124;17;152;255;Erlet;x;
125;145;154;0;Wednaria (Reavel);x;
126;18;156;64;Ergem;x;
127;146;158;128;Brentanara;x;
128;18;32;192;Irilin;x;
129;146;34;255;Ormelia;x;
130;18;36;0;Sinezheltsk;x;
131;146;38;64;Adios;x;
132;18;40;128;Nikodiseasopol;x;
133;147;42;192;Gavan Filippelios;x;
134;19;44;255;Resledar;x;
135;147;46;0;Northwest Jungles;x;
136;19;48;64;Gertrentia;x;
137;147;50;128;Barakoa;x;
138;19;52;192;Pustinniy Bereg;x;
139;147;54;255;Donusa;x;
140;20;56;0;Kitira;x;
141;148;58;64;Diarhimon;x;
142;20;60;128;Piratskiy bereg;x;
143;148;62;192;Kardibos;x;
144;20;64;255;Aliakmon Dale;x;
145;148;66;0;Evraziyskiy gorod;x;
146;20;68;64;Stambul;x;
147;149;70;128;Lordskaya ukrepa;x;
148;21;72;192;Eginas;x;
149;149;74;255;Mand-Veller;x;
150;21;76;0;Uran;x;
151;149;78;64;Transkronossea;x;
152;21;80;128;Providens;x;
153;149;82;192;Ovragi Razboinikov;x;
154;22;84;255;Iron forest;x;
155;150;86;0;Ust-Oliakmon;x;
156;22;88;64;Kalamos;x;
157;150;90;128;Port-Hyngry;x;
158;22;92;192;Chernaya Boroda;x;
159;150;94;255;Bertran;x;
160;22;96;0;Rebolmandia;x;
161;151;98;64;Ust-Runis;x;
162;23;100;128;New Marienburg;x;
163;151;102;192;Elizavetopol;x;
164;23;104;255;Emartava;x;
165;151;106;0;Ordenskiy zamok;x;
166;23;108;64;Brenata;x;
167;151;110;128;Port-Lordsk;x;
168;24;112;192;Lefkas;x;
169;152;114;255;Terendia (orig);x;
170;24;116;0;Port-Orseolo;x;
171;152;118;64;Krakengalt;x;
172;24;120;128;Lower Runis;x;
173;152;122;192;Greater Runis;x;
174;24;124;255;Termigel;x;
175;153;126;0;North Jungles;x;
176;25;128;64;Port-Regenmald;x;
177;153;130;128;Bereg Titana;x;
178;25;132;192;Illiremia;x;
179;153;134;255;Gardiopoles;x;
180;25;136;0;Stammerdon;x;
181;153;138;64;Orlemia;x;
182;26;140;128;New Konigsberg;x;
183;154;142;192;Northeast Jungles;x;
184;26;144;255;Lebvarta;x;
185;154;146;0;Korgenmelt;x;
186;26;148;64;Tihozemie;x;
187;154;150;128;Eregalt;x;
188;26;152;192;Morteavi;x;
189;155;154;255;Kojodia;x;
190;27;156;0;Hvost Malishev;x;
191;155;158;64;Irdemandgalt;x;
192;27;32;128;Malishinsk;x;
193;155;34;192;Lesa Keni;x;
194;27;36;255;Kenia;x;
195;155;38;0;Dimikov bereg;x;
196;28;40;64;Malishgrad;x;
197;156;42;128;Podibardi;x;
198;28;44;192;Agentov bereg;x;
199;156;46;255;Malishemorsk;x;
200;28;248;0;Saturnov bereg;x;
201;156;50;64;DmitroleRUSsk;x;
202;28;52;128;Malishva;x;
203;157;54;192;Mladoreck;x;
204;29;56;255;Rustgorod;x;
205;157;58;0;Snegomalish;x;
206;29;60;64;Zmovsk;x;
207;157;62;128;Lunamalishevsk;x;
208;29;64;192;Staromalishevsk;x;
209;157;66;255;Severo-vostok o Malishey;x;
210;30;68;0;Barvardi;x;
211;158;70;64;Malishgrad-Dimikovskiy;x;
212;30;72;128;Port-Malish;x;
213;158;74;192;DoneRUSo;x;
214;30;76;255;New Malish;x;
215;158;78;0;Vodnomalish;x;
216;30;80;64;Medvedevo;x;
217;159;82;128;Pandovi hrebti;x;
218;31;84;192;Belomedvedovo;x;
219;159;86;255;Dimikov gorod;x;
220;31;88;0;Obuhov Port;x;
221;159;90;64;Ukria;x;
222;31;92;128;Erselt;x;
223;159;94;192;S Hvalkngir;x;
224;32;96;255;N Hvalkngir;x;
225;160;98;0;Verdislarde;x;
226;32;100;64;Bardin;x;
227;160;102;128;Dervondstard;x;
228;32;104;192;Novagrad;x;
229;160;106;255;Argostolion (Latvia);x;
230;32;108;0;Port-Artemond;x;
231;161;110;64;Irdess;x;
232;33;112;128;Korsuld;x;
233;161;114;192;Verhnie Niderlandi;x;
234;33;116;255;Nizhnie Niderlandi;x;
235;161;118;0;Latvian Nose;x;
236;33;120;64;Vneshniy Levond;x;
237;161;122;128;Godrder;x;
238;34;124;192;Belius;x;
239;162;126;255;Beloreck;x;
240;34;128;0;Mirniy;x;
241;162;130;64;Belaya gavan;x;
242;34;132;128;Tsarskaya gavan;x;
243;162;134;192;Kesaria;x;
244;34;136;255;Uemsk;x;
245;163;138;0;Kanterlast;x;
246;35;140;64;Stelihar;x;
247;163;142;128;Ksorot;x;
248;35;144;192;Korkron;x;
249;163;146;255;Kairov;x;
250;35;148;0;Hervilgdir;x;
251;163;150;64;Elkvalonge;x;
252;36;152;128;Elefkorad;x;
253;164;154;192;Cormendor;x;
254;36;156;255;Mildorn;x;
255;164;158;0;Rossovo pole;x;
256;36;32;64;Tsargorod;x;
257;164;34;128;Sunla;x;
258;36;36;192;Merdolov bereg;x;
259;165;38;255;East Volkdau;x;
260;37;40;0;Verensada;x;
261;165;42;64;Irendolt;x;
262;37;44;128;Bardolia;x;
263;165;46;192;Gerfeldava;x;
264;37;48;255;Danzberg;x;
265;165;50;0;Fardong;x;
266;38;52;64;Keresanta;x;
267;166;54;128;Sirmada;x;
268;38;56;192;Vermolt-Volkeda;x;
269;166;58;255;Gardibatten;x;
270;38;60;0;East Nartz;x;
271;166;62;64;Middle Nartz;x;
272;38;64;128;West Nartz;x;
273;167;66;192;North Nartz Island;x;
274;39;68;255;Belozemie;x;
275;167;70;0;Korsdorn;x;
276;39;72;64;N Sorgot;x;
277;167;74;128;S Sorgot;x;
278;39;76;192;Dolebia;x;
279;167;78;255;Amaniar;x;
280;40;80;0;Helgarnovi zemli;x;
281;168;82;64;Sultanov poluostrov;x;
282;40;84;128;Sever Latvii;x;
283;168;86;192;Lofa;x;
284;40;88;255;Orbelat;x;
285;168;90;0;Gradz;x;
286;40;92;64;Kailongir;x;
287;169;94;128;Anzervolt;x;
288;41;96;192;Kordenmadd;x;
289;169;98;255;Vertlada;x;
290;41;100;0;Ilmensk;x;
291;169;102;64;Rurikov gorod;x;
292;41;104;128;Ozemets;x;
293;169;106;192;Sentshark;x;
294;42;108;255;Burzhgorod;x;
295;170;110;0;Adernem;x;
296;42;112;64;Karmidia;x;
297;170;114;128;Venerd;x;
298;42;116;192;Smeshesberg;x;
299;170;118;255;Olimpiya;x;
300;42;120;0;Zemli VSBAM;x;
301;171;122;64;Alerandia;x;
302;43;124;128;Pervolemovi ostrova;x;
303;171;126;192;Khodaito;x;
304;43;128;255;Mononobe;x;
305;171;130;0;Slavyansk-Lemskiy;x;
306;43;132;64;Vazardialia;x;
307;171;134;128;Kerzaria;x;
308;44;136;192;Chaiborg;x;
309;172;138;255;New Sentshark;x;
310;44;140;0;Utikoburg;x;
311;172;142;64;Tevtonskiy kray;x;
312;44;144;128;Musorlandia;x;
313;172;146;192;Zooshar;x;
314;44;148;255;Terradistra;x;
315;173;150;0;Siniusdistra;x;
316;45;152;64;Smeshesberg-Uteniyskiy;x;
317;173;154;128;Utkov;x;
318;45;156;192;Yuzhno-uteniyskie porti;x;
319;173;158;255;Fort-Yellow;x;
320;45;32;0;Dartadistra;x;
321;173;34;64;Alliadistra;x;
322;46;36;128;Sadorim;x;
323;174;38;192;Enheldis;x;
324;46;40;255;Leifenger;x;
325;174;42;0;Kega;x;
326;46;44;64;Lertablia;x;
327;174;46;128;Rebalz;x;
328;46;48;192;Imelia;x;
329;175;50;255;Nermadica;x;
330;47;52;0;Zendenmescil;x;
331;175;54;64;Adalekr;x;
332;47;56;128;Enjestandt;x;
333;175;58;192;Smeshinka;x;
334;47;60;255;Riolfsk;x;
335;175;62;0;Bistogorod;x;
336;48;244;64;Ioastolf;x;
337;176;66;128;Smeshiks;x;
338;48;68;192;Borton-Gost;x;
339;176;70;255;Gorteden;x;
340;48;72;0;Maverhold;x;
341;176;74;64;Smesharkiria;x;
342;48;76;128;Arnegel;x;
343;177;78;192;Hydralepolis;x;
344;49;80;255;Rotarhes;x;
345;177;82;0;Brandeross;x;
346;49;84;64;Kezermaleos;x;
347;177;86;128;Elvissen;x;
348;49;88;192;Merenmar;x;
349;177;90;255;Oderia;x;
350;50;92;0;Alveria;x;
351;178;94;64;Valh;x;
352;50;96;128;Kerzendak;x;
353;178;98;192;Kornisonakser;x;
354;50;100;255;Redata;x;
355;178;102;0;Balikia;x;
356;50;104;64;Surkfia;x;
357;179;106;128;Marsunbialarzec;x;
358;51;108;192;Albeazartezakalkalzemape;x;
359;179;110;255;Alivarjak;x;
360;51;112;0;Sebrenai;x;
361;179;114;64;Flebaragotze;x;
362;51;116;128;Meolerbasaneta;x;
363;179;118;192;Keramadapana;x;
364;52;120;255;Tedenerusoil;x;
365;180;122;0;Mefalatta;x;
366;52;124;64;Kargedan;x;
367;180;126;128;Selenazeya;x;
368;52;128;192;Dridandea;x;
369;180;130;255;Rantozs;x;
370;52;132;0;Bantgost;x;
371;181;134;64;Arva;x;
372;53;136;128;Ermera;x;
373;181;138;192;Aileiv;x;
374;53;140;255;Lerhitan;x;
375;181;142;0;Tenelburg;x;
376;53;144;64;Taberinia;x;
377;181;146;128;Beikan;x;
378;54;148;192;Atresburg;x;
379;182;150;255;Romel (Santa-Klara);x;
380;54;152;0;Ioastolf;x;
381;182;154;64;Smeshenorteda;x;
382;54;156;128;Kertsibirtra;x;
383;182;158;192;Smeshigrad;x;
384;54;32;255;Terhengart;x;
385;183;34;0;Terih;x;
386;55;36;64;Lavrida;x;
387;183;38;128;Naihana;x;
388;55;40;192;Kiapa;x;
389;183;42;255;Polevoe;x;
390;55;44;0;Kursia;x;
391;183;46;64;Sepoma;x;
392;56;48;128;Kirchess;x;
393;184;50;192;Smoshvka;x;
394;56;52;255;Pele;x;
395;184;54;0;Dachegorki;x;
396;56;56;64;Zapadnochaysk;x;
397;184;58;128;Dalnecossaksk;x;
398;56;60;192;Riht;x;
399;185;62;255;Maslennitsk;x;
400;57;64;0;Butorin;x;
401;185;66;64;Chitto;x;
402;57;68;128;Gonta;x;
403;185;70;192;Chaepit;x;
404;57;72;255;Solnchesk;x;
405;185;74;0;Mararash;x;
406;58;76;64;Mesharik;x;
407;186;78;128;Chaepitskoe pole;x;
408;58;80;192;Novoutinskie ostrova;x;
409;186;82;255;Utko-Dakia;x;
410;58;84;0;Geldebruks;x;
411;186;86;64;Minionsk;x;
412;58;88;128;Putinsk;x;
413;187;90;192;Tupse;x;
414;59;92;255;Sharasochi;x;
415;187;94;0;Dom;x;
416;59;96;64;Konibadia;x;
417;187;98;128;Karych;x;
418;59;100;192;Sekrety Kar-Karicha;x;
419;187;102;255;Brazz;x;
420;60;140;0;Chaepitie;x;
421;188;106;64;Rio;x;
422;60;108;128;Valterbruk;x;
423;188;110;192;Sputnik;x;
424;60;112;255;Mirniy;x;
425;188;114;0;Chaigrad;x;
426;60;116;64;Vkusniy;x;
427;189;118;128;Svobodniy;x;
428;61;120;192;Eurasiysk;x;
429;189;122;255;Dialburg;x;
430;61;124;0;Smeshkavel;x;
431;189;126;64;Promgrad;x;
432;61;128;128;Nerezinovsk;x;
433;189;130;192;Geroy;x;
434;62;132;255;Novgorod;x;
435;190;134;0;Port-Opetald;x;
436;62;136;64;Sever;x;
437;190;138;128;Saarlyandiya (Honheylberg);x;
438;62;140;192;Kaiserslautern;x;
439;190;142;255;Brinteshafen;x;
440;62;144;0;Smeshbavaria;x;
441;191;146;64;Doichershafen;x;
442;63;148;128;Lunamalish;x;
443;191;150;192;Lunamalish - kopia;x;
444;63;152;255;Bludniy son;x;
445;191;154;0;Chaipitie;x;
446;63;156;64;Flensburg-Kukshafen;x;
447;191;158;128;Gay;x;
448;64;32;192;Weimar;x;
449;192;34;255;Utrenburg;x;
450;64;36;0;Weimenshafen;x;
451;192;38;64;Selensia;x;
452;64;40;128;Bromburg;x;
453;192;42;192;Zelmebaren;x;
454;64;44;255;Memel;x;
455;193;46;0;Stholtzhafen;x;
456;65;48;64;Brianshafen;x;
457;193;50;128;Germanshafen;x;
458;65;52;192;Ottoshafen;x;
459;193;54;255;Berlin;x;
460;65;56;0;Frankfurt;x;
461;193;58;64;Kaiserhafen;x;
462;66;60;128;SI;x;
463;194;62;192;East Turiania;x;
464;66;64;255;Shararamenreich;x;
465;194;66;0;Plyaz;x;
466;66;68;64;AOPAlend;x;
467;194;70;128;Brintenia Perva;x;
468;66;72;192;Brintant;x;
469;195;74;255;Old Romel;x;
470;67;76;0;Apteka;x;
471;195;78;64;Chitalka;x;
472;67;80;128;Igra;x;
473;195;82;192;Krosh I K;x;
474;67;84;255;Shararam Otel;x;
475;195;86;0;Logovo Kopii soni;x;
476;68;88;64;Nihon;x;
477;196;90;128;Besedka;x;
478;68;92;192;Yugo-zapadnaya rolevaya;x;
479;196;94;255;Krepost Velimeardas;x;
480;68;96;0;Aefgorod;x;
481;196;98;64;Heluin;x;
482;68;100;128;Japan;x;
483;197;102;192;Akechi;x;
484;69;104;255;Char;x;
485;197;106;0;Ataran;x;
486;69;108;64;Garakl;x;
487;197;110;128;Zemli Tao;x;
488;69;112;192;Rengelston;x;
489;197;114;255;Allesiorum;x;
490;70;116;0;Imperskiy gorod;x;
491;198;118;64;VOSSKik;x;
492;70;120;128;Shararam;x;
493;198;122;192;Presharie;x;
494;70;124;255;Verhniy Shararam;x;
495;198;126;0;Bereg Fachisma;x;
496;70;128;64;Yamay;x;
497;199;130;128;Port-Orbelt;x;
498;71;132;192;Nergemel;x;
499;199;134;255;Trenganordia;x;
500;71;136;0;Terendia;x;
501;199;138;64;Dyanie stoshi;x;
502;71;140;128;Imperskaya oblast;x;
503;199;142;192;Siland;x;
504;72;144;255;Ledopustoshi;x;
505;200;146;0;NovoTabeslar;x;
506;72;148;64;Ergenivardinok;x;
507;200;150;128;Olsuz;x;
508;72;152;192;Nordezen;x;
509;200;154;255;Kirzikosever;x;
510;72;156;0;Latemia;x;
511;201;158;64;Port mayaka;x;
512;73;32;128;Smesheurope (Bilou);x;
513;201;34;192;Methiria;x;
514;73;36;255;Retilgalt;x;
515;201;38;0;Ardena;x;
516;73;40;64;Gormanta;x;
517;201;42;128;Renivaliat;x;
518;74;44;192;Valarian;x;
519;202;46;255;Sv. Depachevka;x;
520;74;48;0;Romey;x;
521;202;50;64;Ureos;x;
522;74;52;128;Sanreven;x;
523;202;54;192;Urielos;x;
524;74;56;255;Baudolinium;x;
525;203;58;0;Tallium;x;
526;75;60;64;Santiago-de-Depacho;x;
527;203;62;128;Romey-Vilgardus;x;
528;75;64;192;Pustinaya Elzemor;x;
529;203;66;255;New Vegas;x;
530;75;68;0;Tlingors;x;
531;203;70;64;Taileng;x;
532;76;72;128;Galatinariy;x;
533;204;74;192;Ilavatarium;x;
534;76;76;255;Reigadariy;x;
535;204;78;0;Ellinariy;x;
536;76;80;64;Salgetri;x;
537;204;82;128;Tormentild;x;
538;76;84;192;Plato Imperatorov;x;
539;205;86;255;Losyasheroginsk;x;
540;77;88;0;Derevnya Godina;x;
541;205;90;64;Seraya Pustosh;x;
542;77;92;128;Dolina svyatih;x;
543;205;94;192;Zelenopole;x;
544;77;96;255;Vorakanalia;x;
545;205;98;0;Hrebti kochevnikov;x;
546;78;100;64;Pustoshi Jergenela;x;
547;206;102;128;Pustosh Orakula;x;
548;78;104;192;Sredinnaya Pustinya;x;
549;206;106;255;Pustinya Zengwelara;x;
550;78;108;0;Ramzahia;x;
551;206;110;64;Olbzburh;x;
552;78;112;128;Vulgot;x;
553;207;114;192;Erkelt;x;
554;79;116;255;Lirbizen;x;
555;207;118;0;Yuzhniy ostrov-bliznets (Termov);x;
556;79;120;64;Severniy ostrov-bliznets (Nakov);x;
557;207;122;128;Kluviko;x;
558;79;124;192;Gesemberevahale;x;
559;207;126;255;Geldebruks Utenian (Duck-City);x;
560;80;128;0;Zevenkerbalan;x;
561;208;130;64;Daketta (Dagetiigeun);x;
562;80;132;128;Malie Uteniyskie ostrova (Ulnula);x;
563;208;134;192;Lemangia;x;
564;80;136;255;Pustosh Kosogorskaya;x;
565;208;138;0;Kerfenstria;x;
566;80;140;64;Amov Bereg;x;
567;209;142;128;Vostocnhiy arhipelag Tropi;x;
568;81;144;192;Zapadniy arhipelag Tropi;x;
569;209;146;255;New Ravenna;x;
570;81;148;0;Bauerston;x;
571;209;150;64;Agentstvo;x;
572;81;152;128;Korusant;x;
573;209;154;192;Chernobilsk;x;
574;82;156;255;Zonaranks;x;
575;210;158;0;Alobon;x;
576;82;32;64;Molik;x;
577;210;34;128;Nedars;x;
578;82;36;192;Sembeler;x;
579;210;38;255;Gider (derevnya pervobitnih);x;
580;82;40;0;Kerderond;x;
581;211;42;64;Tonleiv;x;
582;83;44;128;Likardibatos;x;
583;211;46;192;Kolopregen;x;
584;83;48;255;Onraingart;x;
585;211;50;0;Obzhoring;x;
586;83;52;64;Amov Port (Yermo-Enkarnado);x;
587;211;54;128;Trallograd;x;
588;84;56;192;Noviy Obzhoring;x;
589;212;58;255;Astarta;x;
590;84;60;0;Novaya Dikanka;x;
591;212;62;64;Pobedograd;x;
592;84;64;128;Bao-bao;x;
593;212;66;192;Santa-Teresa;x;
594;84;68;255;Kara-Libro;x;
595;213;70;0;Dom Smesharikov;x;
596;85;72;64;Changorod;x;
597;213;74;128;Fort-Tige;x;
598;85;76;192;Western Ranhebran;x;
599;213;78;255;Fort-Eloglan;x;
600;85;80;0;Merholgania;x;
601;213;82;64;Eastern Ranhebran;x;
602;86;84;128;Vainshara;x;
603;214;86;192;Torengul';x;
604;86;88;255;Geymersk;x;
605;214;90;0;Dedmorozovsk;x;
606;86;92;64;Uzmor;x;
607;214;94;128;Kojev;x;
608;86;96;192;Pustoshi Bakenrou;x;
609;215;98;255;Torgovie ostrova 1;x;
610;87;100;0;Torgovie ostrova 2;x;
611;215;102;64;Tiynor;x;
612;87;104;128;Tarfon;x;
613;215;106;192;Koldrok (Nebesn);x;
614;87;108;255;Gamersk;x;
615;215;110;0;Baigur;x;
616;88;112;64;Mezd;x;
617;216;114;128;Fagopiro;x;
618;88;116;192;Arnabokorshej;x;
619;216;118;255;Annader;x;
620;88;120;0;Spomiland;x;
621;216;122;64;Kelokera;x;
622;88;124;128;Keltsas;x;
623;217;126;192;Olbora;x;
624;89;128;255;Skolgabia;x;
625;217;130;0;Harfta;x;
626;89;132;64;Harfta Eastern;x;
627;217;134;128;Tarsets;x;
628;89;136;192;Soceis;x;
629;217;138;255;Secergondlia;x;
630;90;140;0;Gorodok Ordinskiy;x;
631;218;142;64;Leder';x;
632;90;144;128;La-Zeinor;x;
633;218;146;192;Tonnarf de Tarce;x;
634;90;148;255;Western Hotarginia;x;
635;218;150;0;Gora Uregontad;x;
636;90;152;64;Lusthuv;x;
637;219;154;128;Kownosburg;x;
638;91;156;192;Ebinar;x;
639;219;158;255;Rewel;x;
640;91;32;0;Vidnsburg;x;
641;219;34;64;Dorpat;x;
642;91;36;128;Alekdandrupolis;x;
643;219;38;192;Lefortov;x;
644;92;40;255;Wan;x;
645;220;42;0;Yug Rifonii;x;
646;92;44;64;Waterland;x;
647;220;46;128;Mariupol;x;
648;92;48;192;Brumger;x;
649;220;50;255;Allenshtein;x;
650;92;52;0;Algortlard;x;
651;221;54;64;Bern;x;
652;93;56;128;Konigsberg;x;
653;221;58;192;Bukharest;x;
654;93;60;255;Budapest;x;
655;221;62;0;Munhen;x;
656;93;64;64;Wien;x;
657;221;66;128;Apuli;x;
658;94;68;192;Kremsborg;x;
659;222;70;255;Tanies;x;
660;94;72;0;Ostrov Brodoln;x;
661;222;74;64;Nobrada;x;
662;94;76;128;Ostrova Onamardi;x;
663;222;78;192;Oglan-Bazhan;x;
664;94;80;255;Nagorodinsk;x;
665;223;82;0;Konspanka;x;
666;95;84;64;Otansh;x;
667;223;86;128;Kettarasht;x;
668;95;88;192;Derevnya Kolgushek;x;
669;223;90;255;Dzongard;x;
670;95;92;0;Adios-Taifalskiy;x;
671;223;94;64;Panakarat;x;
672;96;96;128;Kenkorsor;x;
673;224;98;192;Bolantazar;x;
674;96;100;255;Taifalia (pust);x;
675;224;102;0;Severgrad;x;
676;96;104;64;Renkorduv-Yuzhniy;x;
677;224;106;128;Kanskan;x;
678;96;108;192;Konmagen;x;
679;225;110;255;Unkel;x;
680;97;112;0;Bankarvandai;x;
681;225;114;64;Alians-Nikolaos;x;
682;97;116;128;Kolimanok;x;
683;225;118;192;Kelikala;x;
684;97;120;255;Port-Severgrad;x;
685;225;122;0;Rognog;x;
686;98;124;64;Alomandar;x;
687;226;126;128;Vennarpangea;x;
688;98;128;192;Targolt;x;
689;226;130;255;Targolt-Unkal;x;
690;98;132;0;Nornburh;x;
691;226;134;64;Western Reparh;x;
692;98;136;128;Eastern Reparh;x;
693;227;138;192;Zart Renkorduv-Ponvardskiy;x;
694;99;140;255;Fescol-Gartolfrah;x;
695;227;142;0;Fescol-Angertanh;x;
696;99;144;64;Liagos;x;
697;227;146;128;Galleslaben;x;
698;99;148;192;Gnogellan;x;
699;227;150;255;Liagos-Konkard;x;
700;100;152;0;Liagos-Meltoh;x;
701;228;154;64;Ercozs;x;
702;100;156;128;Mitalh;x;
703;228;158;192;Mitalh-Kalgost-Merta;x;
704;100;32;255;Torlong;x;
705;228;34;0;Mitalh-Kalgost-Wergot;x;
706;100;36;64;Leimart;x;
707;229;38;128;Martoavan;x;
708;101;40;192;Rekintos;x;
709;229;42;255;Godrendgalt;x;
710;101;44;0;Kologenburh;x;
711;229;46;64;Kolmagorak;x;
712;101;48;128;Smenahol;x;
713;229;50;192;Legetenmagn;x;
714;102;52;255;Torgenkron;x;
715;230;54;0;Montarelankor;x;
716;102;56;64;Sankt-Kelegargen;x;
717;230;58;128;Fregenbescol;x;
718;102;60;192;Kongarmolat;x;
719;230;62;255;Gretonzegnar;x;
720;102;64;0;Olormangia;x;
721;231;66;64;Dolkarmah;x;
722;103;68;128;Krogderg;x;
723;231;70;192;Mitalh-Kalgost-Angeos;x;
724;103;72;255;Gnosdorfadon;x;
725;231;74;0;Indesfrey;x;
726;103;76;64;Tarhangonia;x;
727;231;78;128;Iomengalt-Sorga;x;
728;104;80;192;Iomengalt-Norga;x;
729;232;82;255;Tremogay;x;
730;104;84;0;Ansalt(-Tirey);x;
731;232;86;64;Regelermandi;x;
732;104;88;128;Timudzhin stub;x;
733;232;90;192;Noddetemargan;x;
734;104;92;255;Bereg Genta;x;
735;153;134;173;Cental Genta;x;
736;105;96;64;Western Genta;x;
737;233;98;128;Finshafen;x;
738;105;100;192;Southern Pitkern;x;
739;233;102;255;Western Pitkern Danzig;x;
740;105;104;0;Eastern Pitkern;x;
741;233;106;64;Ostrov Sraca;x;
742;106;108;128;Western Kopengagen;x;
743;234;110;192;Eastern Kopengagen;x;
744;106;112;255;hz chto za ostrov;x;
745;234;114;0;Naha;x;
746;106;116;64;Yokogama;x;
747;234;118;128;Kobe;x;
748;106;120;192;North Okinava;x;
749;235;122;255;Yodok;x;
750;107;124;0;Tyosi;x;
751;235;126;64;Ivake;x;
752;107;128;128;Tzibutse;x;
753;235;130;192;Kamakura;x;
754;107;132;255;Dayto-Nippon;x;
755;235;134;0;Okinosima;x;
756;108;136;64;Okino-Siroyama;x;
757;236;138;128;Heyan-Kyo (Lem wast);x;
758;108;140;192;Lem gor wast 1;x;
759;236;142;255;North Kelgardia;x;
760;108;144;0;Taybay;x;
761;236;146;64;Minaret im. St. Volodki;x;
762;108;148;128;Derhelm;x;
763;237;150;192;Vernbradika;x;
764;109;152;255;Netilkod;x;
765;237;154;0;Parantolia (count Henshvik);x;
766;109;156;64;Benteroy;x;
767;237;158;128;Bargoltarnis;x;
768;109;32;192;Arvanzmark;x;
769;237;34;255;Nabrengalt;x;
770;110;36;0;South Kelgardia;x;
771;238;38;64;West Verangilia;x;
772;110;40;128;Rozenor(-Fort);x;
773;238;42;192;Anort;x;
774;110;44;255;Zen-de-For;x;
775;238;46;0;Zheltomorskiy;x;
776;110;48;64;Kluchevoy;x;
777;239;50;128;New Venerd;x;
778;111;52;192;Fort-Johns;x;
779;239;54;255;Rinfeybia;x;
780;111;56;0;Rekersteford;x;
781;239;58;64;East Verangilia;x;
782;111;60;128;Konzekarlas;x;
783;239;62;192;Renzekarlas;x;
784;112;64;255;Lem gor wast 2;x;
785;240;66;0;Korkalt;x;
786;112;68;64;Relgaltargia (Relgaltarg);x;
787;240;70;128;Arigall;x;
788;112;72;192;Vekolgerasta;x;
789;240;74;255;Kolarkamardia;x;
790;112;76;0;West Kailernabia;x;
791;241;78;64;East Kailernabia;x;
792;113;80;128;Korendarel;x;
793;241;82;192;Adalivilum;x;
794;113;84;255;Dorevalitis;x;
795;241;86;0;Berganeyros;x;
796;113;88;64;Siroyama;x;
797;241;90;128;Kevenarika;x;
798;215;191;212;Okorsalgot;x;
799;242;94;255;Baypin;x;
800;114;96;0;Akbar;x;
801;242;98;64;Derselaver;x;
802;114;100;128;Sektor Merigtar;x;
803;242;102;192;Mudken;x;
804;114;104;255;Betent;x;
805;243;106;0;Arelikia (Aralensgart);x;
806;115;108;64;Saretabor;x;
807;243;110;128;Mezhdugorie (Namdo-Tay);x;
808;115;112;192;Dzyomon-Namdo;x;
809;243;114;255;Ayalmagal';x;
810;115;116;0;Matsuyama;x;
811;243;118;64;Kovordbet;x;
812;116;120;128;Koronam(a);x;
813;244;122;192;Rengor;x;
814;116;124;255;Pusan;x;
815;244;126;0;Kyoson;x;
816;116;128;64;Yasamito;x;
817;244;130;128;Singapur-Go;x;
818;116;132;192;Derastnakay;x;
819;245;134;255;Yamato;x;
820;117;136;0;Satsuma;x;
821;245;138;64;Sen-Minel';x;
822;117;140;128;Smeshrizh;x;
823;245;142;192;San-Sofieva;x;
824;117;144;255;Ognenniy bereg;x;
825;245;146;0;Krasnaya Pustosh;x;
826;118;148;64;Alrelike;x;
827;246;150;128;Singapor-Go;x;
828;118;152;192;Korvestankay;x;
829;246;154;255;Rejakovi(kor);x;
830;118;156;0;South Dareta;x;
831;246;158;64;North Dareta;x;
832;118;32;128;Yug Rannudiyskih ostrovov;x;
833;247;34;192;Centr Rannudiyskih ostrov;x;
834;119;36;255;Sever Rannudiyskih ostrov;x;
835;128;34;79;Edinograd;x;
836;0;36;126;Chenvayzenskor;x;
837;128;38;173;Loybaynor;x;
838;0;40;32;Konvayzesku;x;
839;128;42;79;Kerfalzega;x;
840;0;44;126;Arviligon;x;
841;129;46;173;Dormeyra;x;
842;1;48;32;Koleymangart;x;
843;129;50;79;Koilemanndskaya pustosh;x;
844;1;52;126;Elegmana;x;
845;129;54;173;Koyenkar;x;
846;1;56;32;Holenmar;x;
847;129;58;79;Vudhont;x;
848;2;60;126;Gunsfot;x;
849;130;62;173;Tuva wast stub;x;
850;2;64;32;South Posoh (Interion);x;
851;130;66;79;Middle Posoh;x;
852;2;68;126;North Posoh;x;
853;130;70;173;Kongorlotez wast stub;x;
854;2;72;32;Repovie porti (Repolis);x;
855;131;74;79;Ostrova Dubrol;x;
856;3;76;126;Port-Dubro;x;
857;131;78;173;Croat Islands 1 (Ostrov Dianicha);x;
858;3;80;32;Ostrov Ustashey;x;
859;131;82;79;Bereg rezinotostera;x;
860;3;84;126;Ostrova repoedov;x;
861;131;86;173;Nelson islands;x;
862;4;88;32;Sermanik wast;x;
863;132;90;79;Tarholf wast;x;
864;4;92;126;Hermannik wast;x;
865;132;94;173;Wisbersifors wast;x;
866;4;96;32;Zelinskie ostrova;x;
867;132;98;79;Barun;x;
868;4;100;126;Arulavah;x;
869;133;102;173;Pomoyka;x;
870;5;104;32;Kipin;x;
871;133;106;79;Old Rifonia;x;
872;5;108;126;Igon;x;
873;133;110;173;Logova Ordera;x;
874;5;112;32;Molruk;x;
875;133;114;79;Lokormin;x;
876;6;116;126;Territoriya Reyakleym;x;
877;134;118;173;Territoriya Omklenhon;x;
878;6;120;32;Yavankolhart;x;
879;134;122;79;Severny Chuysk;x;
880;6;124;126;Marekonga (Stolvud);x;
881;134;126;173;Territoriya Renmalkolk (po nazvaniyu reki);x;
882;6;128;32;Lodomeria;x;
883;135;130;79;Punyamish-port;x;
884;7;132;126;Ortomakla;x;
885;135;134;173;Edinburg (Edeynbet);x;
886;7;136;32;Balkart(emoys);x;
887;135;138;79;South Sharam;x;
888;7;140;126;North Sharam;x;
889;135;142;173;Koyrap;x;
890;8;144;32;Rufgorn;x;
891;136;146;79;Gyartegram;x;
892;8;148;126;Kemaklayeh;x;
893;136;150;173;Kastem;x;
894;8;152;32;Sensal;x;
895;136;154;79;Alarvirma;x;
896;8;156;126;Orgeyl;x;
897;137;158;173;Eastern Avensteira (Halscenburg);x;
898;9;32;32;Koranhastar;x;
899;137;34;79;Gottarmarsch;x;
900;9;36;126;Western Avensteira;x;
901;137;38;173;Ertall;x;
902;9;40;32;Revendstar;x;
903;137;42;79;Gottnortefort;x;
904;10;44;126;Western Savarders (Savarderia);x;
905;138;46;173;Eastern Savarders;x;
906;10;48;32;Nambouren;x;
907;138;50;79;Kondroprei;x;
908;10;52;126;Orsalart;x;
909;138;54;173;Uelenkar;x;
910;10;56;32;Royhoyn;x;
911;139;58;79;EOY Steppes;x;
912;11;60;126;Smeshesfonks;x;
913;139;62;173;Rekrih;x;
914;11;64;32;Wainzar;x;
915;139;66;79;Iostraud;x;
916;11;68;126;Likfand;x;
917;139;70;173;Tesenran;x;
918;12;72;32;Reotland (monarchy);x;
919;140;74;79;Turassia;x;
920;12;76;126;Rendall;x;
921;140;78;173;Matrera;x;
922;12;80;32;Giefa;x;
923;140;82;79;General Ellar Wast Stub;x;
924;12;84;126;Tonderrosland;x;
925;141;86;173;Kangolt;x;
926;13;88;32;Sevlef (volniy);x;
927;141;90;79;Tabeslar;x;
928;13;92;126;Espe (SP);x;
929;141;94;173;Wendelshleif;x;
930;13;96;32;Devenrou (bivsh. Deroovia);x;
931;141;98;79;Jewrenburg;x;
932;14;100;126;Wielgarst;x;
933;142;102;173;Ukretch;x;
934;14;104;32;Kreonal;x;
935;142;106;79;Kanvileya;x;
936;14;108;126;Lunidor;x;
937;142;110;173;Antelgart;x;
938;14;112;32;Ermestolf (unused);x;
939;143;114;79;Aldiyreya;x;
940;15;116;126;Volhgrad;x;
941;143;118;173;Voltovsk;x;
942;15;120;32;Northern Winteria;x;
943;143;122;79;Southern Winteria;x;
944;15;124;126;Arerdont Islands;x;
945;143;126;173;Atenreyn Island;x;
946;16;128;32;Vendreya-Rutran;x;
947;144;130;79;Vendreya-Konsfalt;x;
948;16;132;126;Biroy;x;
949;144;134;173;Zemly anarhii;x;
950;16;136;32;Mahnoland;x;
951;144;138;79;Port Fakela;x;
952;16;140;126;Anveik;x;
953;145;142;173;Waden;x;
954;17;144;32;Tontan;x;
955;145;146;79;Tizlaria;x;
956;17;148;126;Samnver (dolzhen bit ne daleko ot stepi, volniy?);x;
957;145;150;173;Glodiv;x;
958;17;152;32;Gelandar (dio, monarchy);x;
959;145;154;79;Marnoris;x;
960;18;156;126;Lizarlin (Gelandar);x;
961;146;158;173;Aruen;x;
962;18;32;32;Stanzer;x;
963;146;34;79;Fel'fenir;x;
964;18;36;126;Kersats;x;
965;146;38;173;Senvar;x;
966;18;40;32;Anklav;x;
967;147;42;79;Ruini Smeshburga;x;
968;19;44;126;Zetran;x;
969;147;46;173;Hanfalt;x;
970;19;48;32;Kevelgat;x;
971;147;50;79;Senfilhat;x;
972;19;52;126;Vendreya-Tsenvir;x;
973;147;54;173;Smeshinsk;x;
974;20;56;32;Hel'soltberg;x;
975;148;58;79;Kon'soksberg;x;
976;20;60;126;Huntesslandoks;x;
977;148;62;173;Lorderpol;x;
978;20;64;32;Wolfsvrat;x;
979;148;66;79;Ilhran;x;
980;20;68;126;Western Tanvaria;x;
981;149;70;173;Eastern Tanvaria;x;
982;21;72;32;Chistie trusi;x;
983;149;74;79;Kelemen(haym);x;
984;21;76;126;Novayard;x;
985;149;78;173;Fronheylberg (ot familii Fronheyl);x;
986;21;80;32;Sedeynmarnis;x;
987;149;82;79;Karhalt-antreyver (reyver-reka);x;
988;22;84;126;Cheirnreyvergart;x;
989;150;86;173;Nova Vertiss;x;
990;22;88;32;Teynibor;x;
991;150;90;79;Infarff;x;
992;22;92;126;Eyntoh;x;
993;150;94;173;Onmelenhaym;x;
994;22;96;32;Western Reynhayl'f(ert);x;
995;151;98;79;Eastern Reynhayl'f;x;
996;23;100;126;Hiselbak;x;
997;151;102;173;Varban;x;
998;23;104;32;Manhott;x;
999;151;106;79;Rilan;x;
1000;23;108;126;Merntrihs;x;
1001;151;110;173;Martsellonreylm;x;
1002;24;112;32;Velinskorfant;x;
1003;152;114;79;Prostograd;x;
1004;24;116;126;Nabri;x;
1005;152;118;173;Branz;x;
1006;24;120;32;Roichem;x;
1007;152;122;79;Aseyn;x;
1008;24;124;126;Tafreinsonberg;x;
1009;153;126;173;Sender-Taredayr;x;
1010;25;128;32;Seylen-Tars;x;
1011;153;130;79;Tolf;x;
1012;25;132;126;Anterbrand;x;
1013;233;94;0;Seynran;x;
1014;25;136;32;South Reypfaylia;x;
1015;153;138;79;Beaytoksshtadt;x;
1016;26;140;126;Menringeyla;x;
1017;154;142;173;Horminkaltis;x;
1018;26;144;32;Selendrid;x;
1019;154;146;79;Penshilia;x;
1020;26;148;126;Melatsavn;x;
1021;154;150;173;Henrisvalt;x;
1022;26;152;32;Presedentwalle;x;
1023;155;154;79;Fokmelhayr;x;
1024;27;156;126;Salvadorsleis;x;
1025;155;158;173;Truntgart (Pankarich);x;
1026;27;32;32;Pankargart;x;
1027;155;34;79;Tsentklart;x;
1028;27;36;126;Koynhert-Tar;x;
1029;155;38;173;Soyteinf;x;
1030;28;40;32;Tarnot;x;
1031;156;42;79;Leythayff;x;
1032;28;44;126;Veitergayr;x;
1033;156;46;173;Seytel'meyr;x;
1034;28;48;32;Ranferder (Randeron);x;
1035;156;50;79;Hanserusgart;x;
1036;28;52;126;Lemkfernburg (duchy);x;
1037;157;54;173;Treymvor;x;
1038;29;56;32;Balfes (Balf) (iznachalno torgovaya konf);x;
1039;157;58;79;Oltstants;x;
1040;29;254;126;Tomatplantsberg;x;
1041;157;62;173;Ortseoldgart;x;
1042;29;64;32;Mernattis;x;
1043;157;66;79;Senanhoil;x;
1044;30;68;126;Menhiritiam;x;
1045;158;70;173;Baytesgart;x;
1046;30;243;32;Salemenveyr;x;
1047;158;174;79;Verenteyrs;x;
1048;30;76;126;Kelherf (Verenteyrs/Parantolia);x;
1049;158;78;173;Herftass;x;
1050;30;80;32;Zerk-Manzak;x;
1051;159;82;79;Medvezhiy ostrov;x;
1052;31;84;126;Ganirel;x;
1053;159;86;173;Hestelia;x;
1054;31;88;32;Wetgris;x;
1055;159;90;79;Rateria;x;
1056;31;92;126;Kiohia;x;
1057;159;94;173;Vnutr Krasnogorie;x;
1058;32;96;32;Vnesh Krasnogorie;x;
1059;160;98;79;South Kaygyamartia (Til'yat);x;
1060;32;100;126;North Kaygyamartia (Kasay);x;
1061;160;102;173;Mekasham;x;
1062;32;104;32;Yakalmyagiya;x;
1063;160;106;79;Koyamalyaheya;x;
1064;32;108;126;Inolia;x;
1065;161;110;173;Henvay;x;
1066;33;112;32;Nolord;x;
1067;161;114;79;Seginord;x;
1068;33;116;126;Pustinya Kalaharha;x;
1069;161;118;173;Kolatoburia;x;
1070;33;120;32;Nayatarhelgos (Nayatarhelgi);x;
1071;161;122;79;Darderon;x;
1072;34;124;126;Branileiv;x;
1073;162;226;173;Ferzek;x;
1074;34;228;32;Lyanhtofeya;x;
1075;162;130;79;Kezlaria;x;
1076;34;132;126;Lithess;x;
1077;162;134;173;Ramovayniya;x;
1078;34;136;32;Zalerd;x;
1079;163;138;79;Kensia;x;
1080;35;140;126;Sargariya;x;
1081;163;142;173;Irolf;x;
1082;35;144;32;Kelia;x;
1083;163;146;79;Brunoberg;x;
1084;35;148;126;Bellira;x;
1085;163;150;173;Eoalora;x;
1086;36;152;32;Yassia;x;
1087;164;154;79;Hawenara;x;
1088;36;156;126;Branderia;x;
1089;164;158;173;Arnakz;x;
1090;36;232;32;Heldezberg;x;
1091;164;34;79;Bertegast;x;
1092;36;36;126;Trinot;x;
1093;165;38;173;Gorileif;x;
1094;37;240;32;Rettagon;x;
1095;165;42;79;Tarken;x;
1096;37;44;126;Nirih;x;
1097;165;46;173;Nalania;x;
1098;37;248;32;Hingast;x;
1099;165;50;79;Fadrok;x;
1100;38;52;126;Pentalia;x;
1101;166;54;173;(Koyoburg) Gettas;x;
1102;38;247;32;(Koyoburg) Heinfas;x;
1103;166;58;79;Galbest;x;
1104;38;60;126;Renkitikitanktte;x;
1105;166;62;173;Haunfell;x;
1106;38;164;32;Kartanot;x;
1107;167;66;79;Olenrehnes;x;
1108;39;68;126;Intorbatten;x;
1109;167;70;173;Rog-Prime;x;
1110;39;72;32;Azohen;x;
1111;167;74;79;Chaykon;x;
1112;39;76;126;New Korusant;x;
1113;167;78;173;Dimzikov;x;
1114;40;80;32;Nimbirin;x;
1115;168;82;79;Roenna;x;
1116;40;84;126;Comensmer;x;
1117;168;86;173;Gonnerd;x;
1118;40;88;32;Boilina;x;
1119;168;90;79;Rarner Steppe;x;
1120;40;92;126;Beanapolis;x;
1121;169;94;173;Tielt;x;
1122;41;96;32;Mournhast;x;
1123;169;98;79;Teshtayn;x;
1124;41;100;126;Escaldonia;x;
1125;169;102;173;Ranhof;x;
1126;41;104;32;Hilseh Area;x;
1127;169;106;79;Grinateria;x;
1128;42;108;126;Sarconia;x;
1129;170;110;173;Namveris;x;
1130;42;112;32;Geridimiria;x;
1131;170;114;79;Doliard;x;
1132;42;116;126;Velansova;x;
1133;170;118;173;Sognaris;x;
1134;42;120;32;Idinia;x;
1135;171;122;79;Hetraud;x;
1136;43;124;126;Hasteria;x;
1137;171;126;173;Pantoliaria;x;
1138;43;128;32;Aimennas;x;
1139;171;130;79;Mettonas;x;
1140;43;132;126;Atlen;x;
1141;171;134;173;Ighan-Kor;x;
1142;44;136;32;Norigos;x;
1143;172;138;79;Gorilkins;x;
1144;44;140;126;Libertas;x;
1145;172;142;173;Feyertown;x;
1146;44;144;32;Brest;x;
1147;172;146;79;Reinkultims;x;
1148;44;148;126;Zaltsburg;x;
1149;173;150;173;Tirul;x;
1150;45;152;32;Konborr;x;
1151;173;154;79;Siwen;x;
1152;45;156;126;Polesmesh;x;
1153;173;158;173;Serenesen;x;
1154;45;32;32;Percia;x;
1155;173;34;79;Bryom;x;
1156;46;36;126;Trinagle;x;
1157;174;38;173;Torror;x;
1158;46;40;32;Chayuansk;x;
1159;174;42;79;Chihkugoanh;x;
1160;46;44;126;Kryakostania;x;
1161;174;246;173;Utochka;x;
1162;46;48;32;Kuketsekyu;x;
1163;175;50;79;Derevnya dimika5;x;
1164;47;52;126;Gyyunilyyndskie ostrova;x;
1165;175;54;173;Quirchess;x;
1166;47;236;32;Prostomiri;x;
1167;175;58;79;Anobdgot;x;
1168;206;217;77;Onesttaun;x;
1169;175;62;173;Torenmey (poluostrov);x;
1170;48;64;32;New-Kwatch;x;
1171;176;66;79;Depachopol;x;
1172;48;68;126;Italiysk;x;
1173;176;70;173;Old Romey;x;
1174;48;172;32;Kongorlotez Jungles 1;x;
1175;176;74;79;Kongorlotez Jungles 2;x;
1176;48;76;126;Torzhok;x;
1177;177;78;173;Tormentalt;x;
1178;49;80;32;Polustrov Brenney;x;
1179;177;82;79;Dekomense;x;
1180;49;84;126;Kongorlotez Jungles 3;x;
1181;177;86;173;Monrgrad;x;
1182;49;88;32;Mirogri;x;
1183;177;90;79;Enermiris;x;
1184;50;92;126;Tranmerius;x;
1185;178;94;173;Andovis;x;
1186;50;96;32;Prontrauns;x;
1187;178;98;79;Rinskorium;x;
1188;50;100;126;Valdergium;x;
1189;178;202;173;Orfanis;x;
1190;50;104;32;Fonsma;x;
1191;179;106;79;Brenileva;x;
1192;51;108;126;Darfoyta;x;
1193;179;110;173;Pshbishzhenskir;x;
1194;51;212;32;Nordbor;x;
1195;179;114;79;Nedderdam;x;
1196;51;116;126;Miterbank;x;
1197;179;118;173;Sektor Ukr;x;
1198;52;120;32;Gotber;x;
1199;180;122;79;West Big Pig;x;
1200;52;124;126;Asteriksia;x;
1201;180;126;173;Obeliksia;x;
1202;52;128;32;Gurvalia;x;
1203;180;130;79;Strip;x;
1204;52;132;126;Bleymheyn;x;
1205;181;134;173;Cleymlend;x;
1206;53;136;32;Hightower;x;
1207;181;138;79;Uaydpark;x;
1208;53;140;126;North Kurvandia;x;
1209;181;142;173;South Kurvandia;x;
1210;53;144;32;Central Kurvandia;x;
1211;181;146;79;Mallholand;x;
1212;54;148;126;Rockport;x;
1213;182;150;173;Portlend;x;
1214;54;152;32;Gezenberg;x;
1215;182;154;79;Winchester;x;
1216;54;156;126;Widzhi;x;
1217;182;158;173;Akrheyn;x;
1218;54;32;32;Stronghold;x;
1219;183;34;79;Bedlands;x;
1220;55;36;126;Gaydlen;x;
1221;183;38;173;Bleymgan;x;
1222;55;40;32;Simplton;x;
1223;183;42;79;Libester;x;
1224;55;44;126;Nefser;x;
1225;183;246;173;Laninport;x;
1226;56;48;32;Likera;x;
1227;184;50;79;Donthoiros;x;
1228;56;252;126;Ponfres;x;
1229;184;54;173;Tenreysma;x;
1230;56;56;32;Slankardia (vg);x;
1231;184;58;79;Nivella;x;
1232;56;60;126;Hayntumberg;x;
1233;185;62;173;Levonposoh;x;
1234;57;164;32;Spalles (Sparta Posoh);x;
1235;185;66;79;Vanvaria;x;
1236;57;68;126;Hanchczhou;x;
1237;185;70;173;B7;x;
1238;57;172;32;B6;x;
1239;185;74;79;B4;x;
1240;58;76;126;B3;x;
1241;186;78;173;B2;x;
1242;58;180;32;B1;x;
1243;186;82;79;Dumwolf;x;
1244;58;84;126;Dumshtadt;x;
1245;186;86;173;Dumton;x;
1246;58;188;32;Caster;x;
1247;187;90;79;Obshalka;x;
1248;59;92;126;Klyustat;x;
1249;187;94;173;Feb;x;
1250;1;200;200;Andvar Straits #1;x;
1251;2;200;250;Andvar Straits #2;x;
1252;3;220;250;Andvar Straits #3;x;
1253;4;250;250;Andvar Straits #4;x;
1254;5;200;200;Kleymlend Strait;x;
1255;6;200;250;Lemorskoe more;x;
1256;7;220;250;Proliv Okian;x;
1257;8;250;250;Angliyskoe more;x;
1258;9;200;200;Londonskiy zaliv;x;
1259;10;200;250;Bezantokskoe more;x;
1260;11;220;250;Levonskoe more;x;
1261;12;250;250;Lisiy Zaliv;x;
1262;13;200;200;Gottardian Soltlakes;x;
1263;14;200;250;Sinee more;x;
1264;15;220;250;Mezzel sea;x;
1265;16;250;250;Titan sea;x;
1266;17;200;200;Pervomalishev bereg (s);x;
1267;18;200;250;East Malishian island coast;x;
1268;15;207;236;Dvuostrovie;x;
1269;20;250;250;Priliv Okan;x;
1270;21;200;200;Zaliv Evrazez;x;
1271;22;200;250;Yuzhnokronosskoe more (west);x;
1272;23;220;250;Yuzhnokronosskoe more (east);x;
1273;24;250;250;More Krakena;x;
1274;25;200;200;Tevtonskiy zaliv;x;
1275;26;200;250;East Kronos Sea;x;
1276;27;220;250;Adiosskiy zaliv;x;
1277;28;238;241;More Nikodiseasa;x;
1278;29;200;200;Altrasskoe more;x;
1279;30;200;250;Smeshikskoe more;x;
1280;31;220;250;Smeshikskoe more;x;
1281;32;250;250;Zaliv Malishtoto;x;
1282;33;200;200;Barsov bereg;x;
1283;34;200;250;Chaepitskoe more (vostok);x;
1284;35;220;250;Chaepitskoe more (zapad);x;
1285;36;250;250;Zaliv Spomdes;x;
1286;37;200;200;Sentsharkskiy zaliv;x;
1287;38;178;227;Terendskoe more;x;
1288;39;220;250;Pridnestrovskoe more;x;
1289;40;250;250;Malisheven;x;
1290;138;200;200;Dimikovo more;x;
1291;42;200;250;Obuhovo more;x;
1292;43;220;250;Ukrainskie berega;x;
1293;44;250;250;Uzniy bereg Latvii;x;
1294;45;200;200;Tsarskie zalivi;x;
1295;46;200;250;Oberlandskoe more;x;
1296;47;220;250;Gollandskoe more;x;
1297;48;250;250;Igorskie proliv;x;
1298;49;200;200;Igorskie ostrova (sever);x;
1299;50;200;250;Igorskie ostrova (yug);x;
1300;51;220;250;Salnoe more;x;
1301;52;250;250;Berega Nagori;x;
1302;53;200;200;Malishevskie zalivi;x;
1303;54;200;250;Ryazanskiy zaliv;x;
1304;55;220;250;Zanskiy zaliv;x;
1305;56;250;250;Sharanavtskiy zaliv;x;
1306;181;48;132;Zongila;x;
1307;58;200;250;Smeshgradov bereg;x;
1308;59;220;250;More goblina;x;
1309;34;230;232;More Okremali;x;
1310;61;200;200;More Kosdarima;x;
1311;62;200;250;More Arkalimia;x;
1312;63;220;250;More Rusta;x;
1313;64;250;250;Sobesskoe more;x;
1314;65;200;200;Saturnovo more;x;
1315;66;200;250;VelVostMor 1;x;
1316;67;220;250;VelVostMor 2;x;
1317;68;250;250;VelVostMor 3;x;
1318;209;246;4;Andgost;x;
1319;70;200;250;Novouteniyskoe more;x;
1320;71;220;250;Dalneyuzhnoe more;x;
1321;72;250;250;Zapad Uteniyskogo morya;x;
1322;73;200;200;More sotni ostrov;x;
1323;74;200;250;Morya Yuzhnoy Utenii;x;
1324;75;220;250;Verhneuteniyskoe more (east);x;
1325;76;250;250;More atpadarika;x;
1326;77;200;200;Bereg Kosogo 1;x;
1327;78;200;250;Bereg Kosogo 2;x;
1328;79;220;250;Bereg mudrosti;x;
1329;80;250;250;Bereg Kosogo 4;x;
1330;81;200;200;Bereg Plutona;x;
1331;82;200;250;More Bakenrou;x;
1332;83;220;250;Herseksea;x;
1333;84;250;250;More Palerdasa;x;
1334;85;200;200;Orkeknt;x;
1335;86;200;250;Ganzialla;x;
1336;87;220;250;Brainari;x;
1337;88;250;250;Obormann;x;
1338;89;200;200;Bereg Bakenrou 1;x;
1339;90;200;250;Bereg Bakenrou 2;x;
1340;91;220;250;Bereg Bakenrou 3;x;
1341;92;250;250;Dalneamovskiy bereg;x;
1342;93;200;200;Dominskiy proliv;x;
1343;94;200;250;Rasildis;x;
1344;95;220;250;Yug Novoy Zvezdi;x;
1345;96;250;250;Ponsinrtes;x;
1346;97;200;200;Sever Novoy Zvezdi;x;
1347;98;200;250;Yuzhniy Rinchails;x;
1348;99;220;250;Severniy Rinchailz;x;
1349;100;250;250;More Sunli;x;
1350;101;200;200;Zaliv Volkaviz;x;
1351;102;200;250;Vostochnovolkdauskoe more;x;
1352;103;220;250;Zaliv Nartza;x;
1353;104;250;250;More Severnih ostrovov;x;
1354;105;200;200;Yugoshetland;x;
1355;106;200;250;Severoshetland;x;
1356;107;220;250;Nartzovo more;x;
1357;108;250;250;Tird;x;
1358;109;200;200;Vardolti;x;
1359;110;200;250;Bertotten;x;
1360;111;220;250;Vostok Zvezdnogo morya;x;
1361;112;250;250;Aseligerd;x;
1362;113;200;200;Kel Alib Elhi;x;
1363;114;200;250;More Anorskoe;x;
1364;115;220;250;Bereg Gradza;x;
1365;116;250;250;Mandalorskoe more;x;
1366;117;200;200;More Yutonsena;x;
1367;118;200;250;Zaliv Zolotoy (Mira);x;
1368;119;220;250;Zaliv Golda;x;
1369;120;250;250;Bereg Zavoevateley;x;
1370;121;200;200;Morskoe more 1;x;
1371;122;200;250;Morskoe more 2;x;
1372;123;220;250;Kornisonakskiy proliv;x;
1373;124;250;250;Kerfeltcoaste;x;
1374;125;200;200;Tsvetnoe more (zapad);x;
1375;126;200;250;Tsvetnoe more (vostok);x;
1376;127;220;250;Vostochnie zalivi;x;
1377;0;251;251;Zaliv Nihona;x;
1378;1;201;201;Chaepitskiy zaliv;x;
1379;2;201;251;Yug Morya Smerti;x;
1380;3;221;251;Sever Morya Smerti;x;
1381;4;251;251;Venerdskiy zaliv;x;
1382;5;201;201;Zmooromf coast;x;
1383;6;201;251;Tedenerusoil coast;x;
1384;7;221;251;Volkonskiy zaliv;x;
1385;8;251;251;More Rolikista;x;
1386;9;201;201;More utopistov;x;
1387;10;201;251;Romel (yug);x;
1388;11;221;251;Romel (sever);x;
1389;12;251;251;Arhipelag Tropi;x;
1390;13;201;201;Arhipelag Tropi;x;
1391;14;201;251;Arhipelag Tropi;x;
1392;15;221;251;Arhipelag Tropi;x;
1393;16;251;251;More Monarhov;x;
1394;17;201;201;More Ledrema;x;
1395;18;201;251;More Semezdara;x;
1396;19;221;251;More Nimanesa;x;
1397;20;251;251;More Tsesarevicha;x;
1398;21;201;201;Dalnezemiya more;x;
1399;22;201;251;Pervolemskiy bereg;x;
1400;23;221;251;Belochayskiy zaliv;x;
1401;24;251;251;More neschastiy;x;
1402;25;201;201;Ardenskiy perehod;x;
1403;26;201;251;Yug Chaepitskogo morya;x;
1404;27;221;251;Lavridskiy bereg;x;
1405;28;251;251;West Bakenrou coast;x;
1406;29;201;201;Tihoe more;x;
1407;30;201;251;Vostochniy bereg Zvezdnogo;x;
1408;31;221;251;Vostocnhiy bereg Zvezdnogo;x;
1409;32;251;251;Rimelikel Sea;x;
1410;33;201;201;More Kommonakeris;x;
1411;34;201;251;More zvezdovchek;x;
1412;35;221;251;Yuzhnoe poberezhie Nordelandov;x;
1413;36;251;251;Severnoe poberezhie Nordelandov;x;
1414;37;201;201;Ledovoe more;x;
1415;38;201;251;Nesektantskoe more;x;
1416;39;221;251;Croat sea;x;
1417;40;251;251;More Jerry Hutorsona;x;
1418;41;201;201;Ket strait;x;
1419;42;201;251;Met strait;x;
1420;43;221;251;More Delvarangara (chelovek);x;
1421;44;251;251;Bereg Tenhomakranta;x;
1422;45;201;201;Tarsek sea;x;
1423;46;201;251;Gelchendskoe more;x;
1424;47;221;251;Shvesskoe more;x;
1425;48;251;251;Madyarskoe more;x;
1426;49;201;201;More pervootkrivateley (sever);x;
1427;50;201;251;More pervootkrivateley (yug);x;
1428;51;221;251;More Losoptimista;x;
1429;52;251;251;Bereg Progressa;x;
1430;53;201;201;More Sraca;x;
1431;54;201;251;Vasilevskoe more;x;
1432;55;221;251;Hananeiskoe more (yug);x;
1433;56;251;251;Hananeiskoe more (sever);x;
1434;57;201;201;Bereg Rifonii;x;
1435;58;201;251;More prankov;x;
1436;59;221;251;Vneshnetaifalskoe more;x;
1437;60;251;251;Vodi Ostretora;x;
1438;61;201;201;Galleslebenskiy bereg;x;
1439;62;201;251;Vodi skritih ostrovov;x;
1440;63;221;251;More Vellingtona;x;
1441;64;251;251;Proliv Ryuku;x;
1442;65;201;201;Proliv Ryuku;x;
1443;66;201;251;Forkudamst zaliv;x;
1444;67;221;251;Rannudiyskiy bereg;x;
1445;68;251;251;Bereg Johnsa;x;
1446;69;201;201;Zheltoe more (sever);x;
1447;70;201;251;Zheltoe more (yug);x;
1448;71;221;251;Kelgardian bay;x;
1449;72;251;251;Rekerstefordian coast;x;
1450;73;201;201;North Kevenarikan sea;x;
1451;74;201;251;South Kevenarikan sea;x;
1452;75;221;251;Akenasirmskoe more;x;
1453;76;251;251;Bereg Dayto-Nippon;x;
1454;77;201;201;Kamakurskiy bereg;x;
1455;78;201;251;Nekertskiy zaliv;x;
1456;79;221;251;Sharanavtskiy bereg;x;
1457;80;251;251;Coast of Winteria;x;
1458;81;201;201;Itantsih bay;x;
1459;82;201;251;Bereg Zen-de-Fora;x;
1460;83;221;251;Relgaltargian coast;x;
1461;84;251;251;More Vilterigast;x;
1462;85;201;201;Rannudiyskie groti;x;
1463;86;201;251;Singapur coast;x;
1464;87;221;251;Seova bay;x;
1465;88;251;251;Satsuma bay;x;
1466;89;201;201;Temnoe more;x;
1467;90;201;251;Svinskoe more;x;
1468;91;221;251;Ar-zarovo more;x;
1469;92;251;251;Khorots Sea;x;
1470;93;201;201;Vodi Glubsburger;x;
1471;94;201;251;Helgianskoe more;x;
1472;95;221;251;Kebabostonskoe more;x;
1473;96;251;251;Kelsmedian bay;x;
1474;97;201;201;Zaliv Dvuh koroley;x;
1475;98;201;251;More Saura;x;
1476;99;221;251;Berega Shlyapi;x;
1477;100;251;251;Gallskiy proliv;x;
1478;101;201;201;Polyarnie prolivi;x;
1479;102;201;251;Strannie berega;x;
1480;103;221;251;Vodi udalennih soobsheniy;x;
1481;104;251;251;Vodi Habarisha;x;
1482;105;201;201;Pervokebabov bereg;x;
1483;106;201;251;Pustookrainnoe more;x;
1484;107;221;251;Narkutsk lake;x;
1485;108;251;251;Utkogradskiy bereg;x;
1486;109;201;201;Yugo-zapadniy bereg Utena;x;
1487;110;201;251;East coast of Torror;x;
1488;111;221;251;Chaiborgskiy bereg;x;
1489;112;251;251;More malih ostrovov;x;
1490;113;201;201;Zaliv Bliznetsov;x;
1491;114;201;251;Yugo-vostochniy bereg Utena;x;
1492;115;221;251;Severgradskiy zaliv;x;
1493;116;251;251;Bereg Severgrada;x;
1494;117;201;201;Alians Sea;x;
1495;118;201;251;Bereg Dvenadtatsi grafov;x;
1496;119;221;251;Coast of Bears;x;
1497;120;251;251;Vodi Grindikla;x;
1498;121;201;201;Starotaifalskiy zaliv;x;
1499;122;201;251;Yasniy bereg;x;
1500;123;221;251;New Tabeslar Sea;x;
1501;124;251;251;East North-Taife Sea;x;
1502;125;201;201;West North-Taife Sea;x;
1503;126;201;251;Ergenivardinok coast;x;
1504;127;221;251;Edemian coast (west);x;
1505;0;252;252;Bereg Terendii;x;
1506;1;202;202;More Zabitih;x;
1507;2;202;252;Edemian coast (east);x;
1508;3;222;252;Polyarnie vodi 3;x;
1509;4;252;252;Polyarnie vodi 4;x;
1510;5;202;202;Polyarnie vodi 5;x;
1511;6;202;252;Polyarnie vodi 6;x;
1512;7;222;252;Terendskie vodi;x;
1513;8;252;252;More Tora;x;
1514;9;202;202;More anarhistov;x;
1515;10;202;252;Velikoandvarskoe more;x;
1516;11;222;252;Sea of Gay Rutran;x;
1517;12;252;252;Sea of Ricardo;x;
1518;13;202;202;Skalistie berega;x;
1519;14;202;252;More Nulevih;x;
1520;15;222;252;More atpadarika;x;
1521;16;252;252;More Aanga;x;
1522;17;202;202;Orbelt Coast;x;
1523;18;202;252;More Destatora;x;
1524;19;222;252;Bereg Evgenista;x;
1525;20;252;252;More Krinolva III;x;
1526;21;202;202;More Krinolva II;x;
1527;22;202;252;More Spudi;x;
1528;23;222;252;Vodi Kelitsenver;x;
1529;24;252;252;Ochen holodniy bereg;x;
1530;25;202;202;Polyarnie vodi 7;x;
1531;26;202;252;Polyarnie vodi 8;x;
1532;27;222;252;White coast;x;
1533;28;252;252;Polyarnie vodi 9;x;
1534;29;202;202;More Sitmerk;x;
1535;30;202;252;Arenkoy Sea (north);x;
1536;31;222;252;Arenkoy Sea (south);x;
1537;32;252;252;More El Prezidente;x;
1538;33;202;202;Zelynoe more (north);x;
1539;34;202;252;Zelynoe more (south);x;
1540;35;222;252;STUB Kebabian Seas;x;
1541;36;252;252;Torenmart Sea;x;
1542;37;202;202;Yuzhnie vodi 2;x;
1543;38;202;252;Yuzhnie vodi 3;x;
1544;39;222;252;Yuzhnie vodi 4;x;
1545;40;252;252;Yuzhnie vodi 5;x;
1546;41;202;202;Yuzhnie vodi 6;x;
1547;42;202;252;Yuzhnie vodi 7;x;
1548;43;222;252;Yuzhnie vodi 8;x;
1549;44;252;252;More Lva-Cherepahi;x;
1550;45;202;202;Yuzhno-Horvatskoe more;x;
1551;46;202;252;Severno-Horvatskoe more;x;
1552;47;222;252;Sever Morya Dubro;x;
1553;48;252;252;Yug Morya Dubro;x;
1554;49;202;202;More KRK;x;
1555;50;202;252;Yug Morya Repoedov;x;
1556;51;222;252;Sever Morya Repoedov;x;
1557;52;252;252;More bibidona;x;
1558;53;202;202;More federatsii;x;
1559;54;202;252;Yug Bezimyannih ostrov;x;
1560;55;222;252;Sever Bezimyannih ostrov;x;
1561;56;252;252;Kisloe more;x;
1562;57;202;202;Markovo more;x;
1563;58;202;252;South Orhoels;x;
1564;59;222;252;North Orhoels;x;
1565;60;252;252;Latverian sea;x;
1566;61;202;202;STUB South Islands Sea;x;
1567;62;202;252;Keniyskoe more;x;
1568;63;222;252;Italiyskiy zaliv;x;
1569;64;252;252;Strait of Onnestown;x;
1570;65;202;202;Great Kongorlotez Bay;x;
1571;66;202;252;Taregar;x;
1572;67;222;195;Irezovskiy bereg;x;
1573;68;252;252;Old Romey bay;x;
1574;182;255;255;STUB Kongorlotez Posoh;x;
1575;70;202;252;STUB 1;x;
1576;71;222;252;STUB 2;x;
1577;72;252;252;More Poroka;x;
1578;73;202;202;STUB 4;x;
1579;74;202;252;Rentelemskie ostrova;x;
1580;75;222;252;Ioy Sea;x;
1581;76;252;252;Bay of Ravenna;x;
1582;77;202;202;STUB 5;x;
1583;78;202;252;STUB 6;x;
1584;79;222;252;Daretteya;x;
1585;80;252;252;STUB 5;x;
1586;81;202;202;STUB 6;x;
1587;82;202;252;STUB 7;x;
1588;83;222;252;STUB 8;x;
1589;84;252;252;Bay of Weimar;x;
1590;85;202;202;Freinas Lakes;x;
1591;86;202;252;Elmhon Lake;x;
1592;87;222;252;More Vatnikov;x;
1593;88;252;252;Vost poberezhie Medvezhego ostrova;x;
1594;89;202;202;Zap poberezhie Medvezhego ostrova;x;
1595;90;202;252;More Banderi;x;
1596;91;222;252;Kalibordalskoe more;x;
1597;92;252;252;More Maltseva;x;
1598;93;202;202;Boretella;x;
1599;94;202;252;More latentnogo fascisma;x;
1600;95;222;252;Vanomore;x;
1601;96;252;252;Limonnoe more;x;
1602;97;202;202;Komlokal;x;
1603;98;202;252;Zoosharskie vodi;x;
1604;99;222;252;Pazl Bay;x;
1605;100;252;252;Duck-Buck;x;
1606;101;202;202;Torrorskie vodi;x;
1607;102;202;252;Pingvinovo more;x;
1608;103;222;252;Bay of Chauya;x;
1609;104;252;252;Zevenkerbalan sea;x;
1610;105;202;202;Chayua Coast;x;
1611;106;202;252;West Krichka Coast;x;
1612;107;222;252;Quirchess coast;x;
1613;108;252;252;Kryakostanian Sea;x;
1614;109;202;202;Utchani;x;
1615;110;202;252;Verhneuteniyskoe more (west);x;
1616;111;222;252;Prostovodi;x;
1617;112;252;252;East coast of Chayua;x;
1618;113;202;202;Serenesen sea;x;
1619;114;202;252;Bauerston Bay;x;
1620;115;222;252;Vodi Godina;x;
1621;116;252;252;Vodi Gadzina;x;
1622;117;202;202;West Godin Land Coast;x;
1623;118;202;252;East Godin Land Coast;x;
1624;119;222;252;Kongorlotez Bays;x;
1625;120;252;252;North Godin Land Coast;x;
1626;121;202;202;Posoh Bay;x;
1627;122;202;252;East Interion Coast;x;
1628;123;222;252;West Interion Coast;x;
1629;124;252;252;East Coast of Posoh;x;
1630;125;202;202;Hayntumberg Coast;x;
1631;126;202;252;Pensfens;x;
1632;127;222;252;Laninov Bay;x;
1633;0;253;253;Kortorkos;x;
1634;1;203;203;Franz Sea;x;
1635;2;203;253;More Ne Ori Mne v Uho;x;
1636;3;223;253;More Dalnih Ukraintsev;x;
1637;4;253;253;More Silkertmer;x;
1638;5;203;203;More Optimizma;x;
1639;6;203;253;Kleymlend coast;x;
1640;7;223;253;Vodi Malholland;x;
1641;8;253;253;Coast of Gurvalia;x;
1642;9;203;203;South coast of Atlands;x;
1643;10;203;253;Libester Coast;x;
1644;11;223;253;Andvar Seas;x;
1645;12;253;253;East Krichka Coast;x;
1646;13;203;203;Melinkast;x;
1647;14;203;253;British sea;x;
1648;15;223;253;More Hornblowera;x;
1649;16;253;253;More Stub (normalnoe nazvanie);x;
1650;17;203;203;Alron Seas;x;
1651;18;203;253;More Polnoe;x;
1652;19;223;253;More im. Skaletti;x;
1653;20;253;253;More im. Prezidente;x;
1654;21;203;203;More Chudovishnih novostey;x;
1655;22;203;253;Pristavochnoe more;x;
1656;23;223;253;Kobe Coast;x;
1657;24;253;253;More dolgogo puti;x;
1658;25;203;203;More Choson;x;
1659;26;203;253;More Regressa;x;
1660;27;223;253;More Sudilisha;x;
1661;28;253;253;Makeevskoe more;x;
1662;29;203;203;More Fiziki;x;
1663;30;203;253;More Donvos;x;
1664;31;223;253;More Patens;x;
1665;32;253;253;More Konservatizma;x;
1666;33;203;203;Maidanovo more;x;
1667;34;203;253;More povstancev;x;
1668;35;223;253;Hentaevo more;x;
1669;36;253;253;Tionark;x;
1670;37;203;203;More Jetixa;x;
1671;38;203;253;North Bigpig coast;x;
1672;39;223;253;East Bigpig coast;x;
1673;40;253;253;More Spore;x;
1674;41;203;203;Glyuksborgskoe more;x;
1675;42;203;253;Georgianskoe more;x;
1676;43;223;253;Georgianskoe more na vostoke;x;
1677;44;253;253;More Razdumiy;x;
1678;45;203;203;More Fanteris;x;
1679;46;203;253;More pogibeli piratov;x;
1680;47;223;253;More avanturistov;x;
1681;48;253;253;More besslavnih smertey;x;
1682;49;203;203;Arftalo;x;
1683;50;203;253;Novostretorskoe more;x;
1684;51;223;253;Kakoe-to more;x;
1685;52;253;253;More nichtozhestv;x;
1686;53;203;203;Sea of sword;x;
1687;54;203;253;Sea of Prince Alexander;x;
1688;55;223;253;Sea of Waflam;x;
1689;56;253;253;Sea Skefert;x;
1690;57;203;203;More Fascii;x;
1691;58;203;253;Tornotti;x;
1692;59;223;253;More Stabilnosti;x;
1693;60;253;253;Kislotnoe more;x;
1694;61;203;203;More izgnannikov;x;
1695;62;203;253;Kelmeketar;x;
1696;63;223;253;More Pistoletova;x;
1697;64;253;253;More Estetov;x;
1698;65;203;203;Johnsea;x;
1699;66;203;253;More Binkils;x;
1700;67;223;253;More Alvedoun;x;
1701;68;253;253;More Solidarnosti (east);x;
1702;69;203;203;More Solidarnosti (west);x;
1703;70;203;253;More Stivena;x;
1704;71;223;253;Killeanovo more;x;
1705;72;253;253;More Evoli;x;
1706;73;203;203;Sonfer sea;x;
1707;74;203;253;Antsarovo more;x;
1708;75;223;253;More smerti broni;x;
1709;76;253;253;More Turmor;x;
1710;77;203;203;More neudach;x;
1711;78;203;253;More piratov-novobrantsev;x;
1712;79;223;253;Nubokapitanovo more;x;
1713;80;253;253;More Komenferte;x;
1714;81;203;203;Pomoyka memov;x;
1715;82;203;253;More Ikoti;x;
1716;83;223;253;More Voni;x;
1717;85;203;203;More sporov;x;
1718;86;203;253;Keligardskoe more;x;
1719;87;223;253;More nevigodi;x;
1720;88;253;253;More ustrits;x;
1721;89;203;203;Ankapovskoe more;x;
1722;90;203;253;More midiy;x;
1723;91;223;253;More lozhnih prorokov;x;
1724;92;253;253;More sofistov;x;
1725;93;203;203;More demagogii;x;
1726;94;203;253;Pomoeshnoe more;x;
1727;95;223;253;More degradacii;x;
1728;96;253;253;Dormakont;x;
1729;97;203;203;More volkov;x;
1730;98;203;253;More nadezhdi;x;
1731;99;223;253;Vulkanovo more;x;
1732;100;253;253;Vibensifa;x;
1733;101;203;203;Neomarum;x;
1734;102;203;253;More komarov;x;
1735;103;223;253;Monahovo more;x;
1736;104;203;203;More pepla;x;
1737;106;203;253;More oboroni;x;
1738;107;223;253;More poteryannogo parika Obolena;x;
1739;108;253;253;Erikovo more;x;
1740;109;203;203;More alternativ;x;
1741;110;203;253;More razvrata;x;
1742;66;68;126;Smalfort;x;
1743;194;70;173;Sklanteyris;x;
1744;66;72;32;Wilgelmsburg;x;
1745;195;74;79;Monterris;x;
1746;67;76;126;Spofspor;x;
1747;195;78;173;Puchina;x;
1748;67;80;32;Stenovka;x;
1749;195;82;79;Tselograd;x;
1750;67;84;126;De Keylo;x;
1751;195;86;173;De Santa;x;
1752;68;88;32;Norilsk-TSovskiy;x;
1753;196;90;79;De Onli;x;
1754;68;92;126;Leyhey;x;
1755;196;94;173;Shinkugrad;x;
1756;68;96;32;Setaris;x;
1757;196;98;79;Sketta;x;
1758;68;100;126;Konstura;x;
1759;197;102;173;Vamasti;x;
1760;69;104;32;Krichka;x;
1761;197;106;79;Fukuoka;x;
1762;69;108;126;Nimzegea;x;
1763;197;110;173;Komsitea;x;
1764;69;112;32;Ronkiv;x;
1765;0;0;232;Shonkotia;x;
1766;70;165;226;Kortimerintel';x;
1767;198;118;173;;x;
1768;70;120;32;;x;
1769;198;122;79;;x;
1770;70;124;126;;x;
1771;198;126;173;;x;
1772;70;128;32;;x;
1773;199;130;79;;x;
1774;71;132;126;;x;
1775;199;134;173;;x;
1776;71;136;32;;x;
1777;199;138;79;;x;
1778;71;140;126;;x;
1779;199;142;173;;x;
1780;72;144;32;;x;
1781;200;146;79;;x;
1782;72;148;126;;x;
1783;200;150;173;;x;
1784;72;152;32;;x;
1785;200;154;79;;x;
1786;72;156;126;;x;
1787;201;158;173;;x;
1788;73;32;32;;x;
1789;201;34;79;;x;
1790;73;36;126;;x;
1791;201;38;173;;x;
1792;201;42;79;;x;
1793;74;44;126;;x;
1794;202;46;173;;x;
1795;74;48;32;;x;
1796;202;50;79;;x;
1797;74;52;126;;x;
1798;202;54;173;;x;
1799;74;56;32;;x;
1800;203;58;79;;x;
1801;75;60;126;;x;
1802;203;62;173;;x;
1803;75;64;32;;x;
1804;203;66;79;;x;
1805;75;68;126;;x;
1806;203;70;173;;x;
1807;76;72;32;;x;
1808;204;74;79;;x;
1809;76;76;126;;x;
1810;204;78;173;;x;
1811;76;80;32;;x;
1812;204;82;79;;x;
1813;76;84;126;;x;
1814;205;86;173;;x;
1815;77;88;32;;x;
1816;205;90;79;;x;
1817;77;92;126;;x;
1818;205;94;173;;x;
1819;77;96;32;;x;
1820;205;98;79;;x;
1821;78;100;126;;x;
1822;206;102;173;;x;
1823;78;104;32;;x;
1824;206;106;79;;x;
1825;78;108;126;Pobedonosk;x;
1826;206;110;173;Anzagrad;x;
1827;78;112;32;Kebtekolonen;x;
1828;207;114;79;New Ireland;x;
1829;136;200;217;Lake Kermorgs;x;
1830;207;118;173;Khalagat;x;
1831;79;120;32;Northern Aldiyreya;x;
1832;207;122;79;Freiheit;x;
1833;79;124;126;New Shlyapburg;x;
1834;207;126;173;Frayk;x;
1835;80;128;32;Senpartes;x;
1836;208;130;79;Felefmarik;x;
1837;80;132;126;Astrograd;x;
1838;208;134;173;New Levonia;x;
1839;80;136;32;Vladenia Dial;x;
1840;208;138;79;Makegar;x;
1841;80;140;126;Elegyost;x;
1842;209;142;173;Sistig;x;
1843;81;144;32;Uzogubsbyorg;x;
1844;209;146;79;Tshithalska;x;
1845;81;148;126;Nashtsskiy;x;
1846;116;150;255;Lietova lakes;x;
1847;81;152;32;Kotland (south) (Meowgrad);x;
1848;209;154;79;Kotland (north) (Newn, Murin);x;
1849;82;156;126;Blgaria (Bulgur, Bargose);x;
1850;210;158;173;Belten;x;
1851;82;32;32;Bukai;x;
1852;210;34;79;Tartaros;x;
1853;82;36;126;Mathork;x;
1854;210;38;173;Andiy;x;
1855;82;40;32;Tel-Larod;x;
1856;211;42;79;Oteperse;x;
1857;83;44;126;Seova;x;
1858;211;46;173;Tonsoreko;x;
1859;83;48;32;Ranhuriko;x;
1860;211;50;79;Hominzhek;x;
1861;83;52;126;Trandi (Ostretrand);x;
1862;211;54;173;Niarnike;x;
1863;84;56;32;Tentiri;x;
1864;212;58;79;Stirnka;x;
1865;84;60;126;Geriknik;x;
1866;212;62;173;Lerkili;x;
1867;84;64;32;Merkire;x;
1868;212;66;79;Kenruki;x;
1869;84;68;126;Adraniika;x;
1870;213;70;173;Bronremarke;x;
1871;85;72;32;Bronkifissif;x;
1872;86;84;126;Brofcefalfi;x;
1873;85;76;126;Lem wast mount;x;
1874;213;78;173;Lem wast mount;x;
1875;142;110;192;Gelimogeriker;x;
1876;213;82;79;Modotrik;x;
1877;86;92;126;Gelimekerir;x;
1878;214;86;173;Ginokika;x;
1879;86;88;32;Motowi;x;
1880;214;90;79;Wintorze;x;
1881;213;74;79;Wensafii;x;
1882;214;94;173;Luizisvo;x;
1883;0;0;231;Tirukeli lake;x;
1884;1;0;236;Goribe lake;x;
1885;2;0;240;Kerekense;x;
1886;3;0;244;Konerengart lake;x;
1887;4;0;248;White lakes;x;
1888;5;0;232;Uteniyskaya kotlovina;x;
1889;6;0;236;Domin Lake;x;
1890;7;176;240;Kenseha;x;
1891;8;200;244;Poenvart;x;
1892;9;222;248;Rentalidi;x;
1893;10;210;232;Neikher Sea;x;
1894;11;200;236;Arobdian Sea (east);x;
1895;12;200;240;Arobdian Sea (central);x;
1896;13;200;244;Arobdian Sea (west);x;
1897;14;0;248;Worimeltik sea (east);x;
1898;15;0;232;Worimeltik sea (central);x;
1899;16;200;236;More Belogo flaga;x;
1900;17;200;240;Navalnoe more;x;
1901;81;104;191;Bonosheria;x;
1902;19;200;248;Bonorfert sea;x;
1903;20;200;232;Kotletnoe more;x;
1904;21;200;236;Gifhert sea;x;
1905;22;200;240;North Coast of Hasseros;x;
1906;23;225;244;Gerevere;x;
1907;24;200;248;New Gervein Bay;x;
1908;25;225;232;East Nordeland Coast;x;
1909;26;200;236;North west Posoh coast;x;
1910;27;225;240;West Posoh Coast;x;
1911;28;200;244;Polyarnie vodi;x;
1912;29;225;248;Polyarnie vodi;x;
1913;30;200;232;Worimeltik sea (west);x;
1914;31;200;236;Mongirt sea (north);x;
1915;32;225;240;Mongirt sea (south);x;
1916;33;200;244;More Pozora;x;
1917;34;225;248;More Marksa;x;
1918;35;200;232;Gveturba;x;
1919;36;225;236;Bertond sea;x;
1920;37;200;240;Bederlif sea;x;
1921;38;225;244;Aurestu sea;x;
1922;39;200;248;Karlovo more;x;
1923;150;100;232;Vertinot;x;
1924;62;206;252;Terend coast;x;
1925;62;214;252;Polyarnie vodi;x;
1926;62;230;252;Sea Fereniza;x;
1927;62;218;252;Polyarnie vodi;x;
1928;62;234;252;West Kartumeri Sea;x;
1929;62;210;252;East Kartumeri Sea;x;
1930;237;154;79;Drownerdeya;x;
1931;130;60;50;Berokenufa;x;
1932;49;150;248;Central Kartumeri Sea;x;
1933;150;50;232;Malarta;x;
1934;251;0;36;Fruranidi;x;
1935;52;0;240;Pridemoritei;x;
1936;55;0;0;Rikile;x;
1937;65;0;250;Ondisi;x;
1938;75;0;25;Ondighifie;x ;
1939;85;0;225;Liikeli;x;
1940;95;0;50;Redikalieda;x;
1941;105;0;200;Sanasheya;x;
1942;110;0;75;Orreita;x;
1943;115;0;175;Boroiki;x;
1944;120;0;100;Rofori;x;
1945;125;0;150;Ilikari;x;
1946;63;0;244;Boroniki;x;
1947;64;0;248;Dopurf;x;
1948;165;50;232;Kirofi;x;
1949;66;0;236;Kaitari;x;
1950;167;0;240;Oireli;x;
1951;68;50;244;Kriferita;x;
1952;69;0;248;Parailiri;x;
1953;70;0;232;Miiria;x;
1954;71;0;236;Daiferi;x;
1955;72;0;240;Riizarai;x;
1956;73;0;244;Raflo;x;
1957;74;0;248;Defusburg;x;
1958;75;200;232;Unsirskoe more (sever);x;
1959;76;225;236;Unsirskoe more (central);x;
1960;77;200;240;Unsirskoe more (yug);x;
1961;78;225;244;Kelmisskoe more;x;
1962;79;200;248;Severo-vostok Svinogo morya;x;
1963;80;225;232;Severo-zapad Svinogo morya;x;
1964;81;200;236;Yugo-zapad Svinogo morya;x;
1965;88;116;126;Heyert islands;x;
1966;216;118;173;Mauntaynking;x;
1967;217;126;173;Apeltri;x;
1968;89;128;32;Unverte;x;
1969;216;122;79;Adsk;x;
1970;88;120;32;Oguresten;x;
1971;88;112;32;Stenterke;x;
1972;216;114;79;Tocheeste;x;
1973;88;124;126;Gungers;x;
1974;215;110;173;Tserdigasto;x;
1975;105;225;255;Yugo-vostok Svinogo morya;x;
1976;93;200;244;More dobrovolcev;x;
1977;94;225;248;More bidonov;x;
1978;95;200;232;Jarekari;x;
1979;96;225;236;More Hortose;x;
1980;136;253;253;More Communi;x;
1981;98;0;244;Sever ostrova Vulkanov;x;
1982;99;225;248;Kortilianovo more;x;
1983;150;0;232;Yug ostrova Vulkanov;x;
1984;101;225;236;More Enorti;x;
1985;102;240;0;;x;
1986;103;0;244;;x;
1987;104;0;248;;x;
1988;105;0;232;;x;
1989;106;0;236;x;
1990;107;0;240;x;
1991;108;0;244;;x;
1992;109;0;248;x;
1993;110;0;232;;x;
1994;111;0;236;;x;
1995;112;0;240;;x;
1996;113;0;244;;x;
1997;114;0;248;;x;
1998;115;0;232;;x;
1999;116;0;236;;x;
2000;60;221;221;Qinghai Lake;x;
2001;95;200;200;Siling Lake;x;
2002;200;135;255;Galpagos Islands;x;
2003;120;2;232;Ktunaxa;X;
2004;125;4;236;Niitsitapi;x;
2005;130;8;240;Asinaan;x;
2006;135;16;244;Apsalooke;x;
2007;140;32;248;Arikara;x;
2008;145;64;232;Yankton;x;
2009;150;128;236;Teton;x;
2010;55;1;80;Connecticut;x;
2011;155;2;120;Shenandoah;x;
2012;105;3;160;Arsigantegok;x;
2013;75;4;40;Kennebec;x;
2014;105;6;160;Natchitoches;x;
2015;65;7;40;Nipigon;x;
2016;155;8;120;Bungi;x;
2017;105;9;160;Nehiyawewin;x;
2018;55;10;40;Tsuutina;x;
2019;105;11;120;Nimiipu;x;
2020;155;12;160;Bannock;x;
2021;25;13;70;Miwok;x;
2022;155;5;120;Haida;x;
2023;55;14;120;Munsee;x;
2024;255;15;160;Ajiraan;x;
2025;255;16;40;South Georgia;x;
2026;255;17;120;Tanjore;x;
2027;230;18;160;Arcot;x;
2028;255;19;90;Mahur;x;
2029;255;20;120;South Kanara;x;
2030;255;21;160;Goa;x;
2031;16;134;155;Morasanadu;x;
2032;16;245;155;Malenadu;x;
2033;188;164;69;Savanaur;x;
2034;255;120;0;Pune;x;
2035;81;148;103;Gulbarga;x;
2036;156;172;45;Baglana;x;
2037;205;119;117;Warangal;x;
2038;213;157;165;Midnapore;x;
2039;213;242;165;Sunderbans;x;
2040;84;237;87;Sadiya;x;
2041;64;189;3;Manipur;x;
2042;246;92;62;Koch Hajo;x;
2043;0;225;69;Balasore;x;
2044;181;16;160;Bhagalpur;x;
2045;53;124;86;Barind;x;
2046;193;131;23;Nasirabad;x;
2047;85;160;133;Tirhut;x;
2048;198;203;170;Garjat;x;
2049;73;18;169;Khurda;x;
2050;184;70;8;Chanda;x;
2051;215;241;160;Bhavnagar;x;
2052;122;234;32;Navanagar;x;
2053;225;142;66;Patan;x;
2054;156;201;151;Ahmadabad;x;
2055;156;201;221;Gorakhpur;x;
2056;156;61;221;Rewakantha;x;
2057;75;190;64;Bhelsa;x;
2058;231;98;182;Mewar;x;
2059;237;96;10;Kalpi;x;
2060;255;192;227;Upper Doab;x;
2061;255;192;0;Katehar;x;
2062;193;76;178;Panipat;x;
2063;152;160;243;Etawah;x;
2064;202;218;255;Shekhawati;x;
2065;53;215;217;Batthiana;x;
2066;116;145;119;Nagaur;x;
2067;212;53;53;Gorwar;x;
2068;72;225;192;Siwistan;x;
2069;187;154;212;Kumaon;x;
2070;123;181;72;Chaubisi Rajas;x;
2071;234;189;93;Limbuwan;x;
2072;96;229;237;Bhakkar;x;
2073;154;192;44;Baltistan;x;
2074;151;175;205;Ladakh;x;
2075;0;18;255;Doaba;x;
2076;0;194;255;Sialkot;x;
2077;224;140;221;Margalla;x;
2078;32;140;221;Sind Sagar;x;
2079;132;140;221;Dera Ghazi Khan;x;
2080;219;108;9;Srikakulam;x;
2081;142;80;134;Lakhnor;x;
2082;17;138;94;Raipur;x;
2083;205;86;82;Kosta;x;
2084;193;0;241;Konaseema;x;
2085;161;165;225;Tiruchirapalli;x;
2086;197;225;191;Cholistan;x;
2087;224;213;178;Ajmer;x;
2088;66;156;186;Umarkot;x;
2089;81;142;66;Chaul;x;
2090;154;52;179;Rayalaseema;x;
2091;145;33;11;Tripura;x;
2092;170;185;212;Mahadeo;x;
2093;230;190;64;Mandsaur;x;
2094;78;155;191;Bahreich;x;
2095;222;94;94;Varanasi;x;
2096;210;243;194;Damin;x;
2097;95;101;222;Baghelkhand;x;
2098;148;136;138;Surguja;x;
2099;193;207;44;Kandy;x;
2100;195;123;121;Vanni;x;
2101;186;239;22;Tirunelveli;x;
2102;215;191;26;Urkan;x;
2103;103;132;224;Udi;x;
2104;104;136;64;Birija;x;
2105;105;148;160;Kuru;x;
2106;105;162;80;Furdan;x;
2107;104;158;240;Ningguta;x;
2108;100;98;144;Huncun;x;
2109;100;90;80;Boduna;x;
2110;99;86;240;Yehe;x;
2111;199;223;102;Hetu Ala;x;
2112;115;210;143;Andong;x;
2113;193;133;132;Gaizhou;x;
2114;106;172;160;Ereen;x;
2115;107;180;224;Chahar;x;
2116;108;206;240;Ih Huree;x;
2117;219;224;124;Zasagt;x;
2118;116;102;240;Urzhar;x;
2119;114;56;64;Chuguchak;x;
2120;114;115;55;Ili;x;
2121;112;32;64;Kuqa;x;
2122;111;244;160;Hami;x;
2123;111;254;240;Qakilik;x;
2124;115;78;240;Yarkand;x;
2125;115;86;112;Kochkor;x;
2126;155;139;47;Chuy;x;
2127;115;82;80;Yashilkul;x;
2128;123;184;128;Ngari;x;
2129;122;174;240;Changtang;x;
2130;121;152;64;Nyingchi;x;
2131;196;187;21;Qamdo;x;
2132;119;138;144;Markam;x;
2133;118;126;240;Dege;x;
2134;119;120;192;Rebgong;x;
2135;118;130;80;Garze;x;
2136;124;210;144;Xuanhua;x;
2137;143;75;75;Daming;x;
2138;86;118;240;Wuding;x;
2139;145;24;24;Laizhou;x;
2140;238;254;148;Yanzhou;x;
2141;107;218;111;Xuzhou;x;
2142;84;80;128;Huai'an;x;
2143;190;53;53;Fengyang;x;
2144;82;62;176;Fuyang;x;
2145;185;51;51;Zhenjiang;x;
2146;185;197;39;Ningguo;x;
2147;150;42;42;Huizhou;x;
2148;41;150;61;Shaoxin;x;
2149;121;54;54;Ningbo;x;
2150;69;102;64;Jinhua;x;
2151;131;100;35;Poyang;x;
2152;144;37;37;Jianning;x;
2153;67;84;112;Tingzhou;x;
2154;233;216;92;Kelang;x;
2155;97;44;96;Middag;x;
2156;146;81;81;Chaochow;x;
2157;65;52;224;Waichow;x;
2158;65;46;176;Shiukwan;x;
2159;64;44;160;Leichow;x;
2160;65;34;80;Ngaichow;x;
2161;64;32;64;Limchow;x;
2162;68;78;64;Ngchow;x;
2163;67;62;128;Liuzhou;x;
2164;67;70;192;Namning;x;
2165;255;216;0;Pu'er;x;
2166;69;205;50;Dehong;x;
2167;75;240;74;Lijiang;x;
2168;79;254;112;Bozhou;x;
2169;149;33;33;Langzhong;x;
2170;90;182;176;Songqu;x;
2171;153;57;57;Xiangyang;x;
2172;81;48;64;Jingzhou;x;
2173;0;36;255;Yuanling;x;
2174;158;62;62;Hengyang;x;
2175;171;198;23;Runing;x;
2176;88;144;64;Shangqiu;x;
2177;89;162;208;Ningwu;x;
2178;90;172;96;Lu'an;x;
2179;91;188;224;Yan'an;x;
2180;79;246;240;Tianshui;x;
2181;93;216;64;Pingliang;x;
2182;95;236;224;Liangzhou;x;
2183;93;222;112;Taozhou;x;
2184;215;210;43;Xining;x;
2185;103;120;128;Mergen;x;
2186;105;156;224;Iman;x;
2187;106;164;96;Sartu;x;
2188;100;102;176;Alchuka;x;
2189;110;220;160;Tsetserleg;x;
2190;205;158;124;Qaraqorum;x;
2191;108;196;160;Ejin;x;
2192;217;220;84;Korla;x;
2193;96;42;80;Govi;x;
2194;113;106;26;Kunlun;x;
2195;255;18;160;Adyghe;x;
2196;255;19;40;Guria;x;
2197;255;25;0;Cabardia;x;
2198;255;126;40;Khundzia;x;
2199;255;200;150;Tarki;x;
2200;243;202;12;Suleiman Range;x;
2201;255;22;200;Alania;x;
2202;255;223;0;Melikates;x;
2203;255;23;23;Kakheti;x;
2204;255;224;200;Samtskhe;x;
2205;255;24;40;Nakhchivan;x;
2206;255;225;120;Urmia;x;
2207;255;125;200;Maragheh;x;
2208;255;125;215;Terek;x;
2209;255;24;90;Ilam;x;
2210;187;165;22;Kirmanshah;x;
2211;187;215;128;Ardalan;x;
2212;60;143;34;Zanjan;x;
2213;187;205;22;Markazi;x;
2214;81;81;192;Golestan;x;
2215;187;24;90;Qazvin;x;
2216;187;24;155;Semnan;x;
2217;255;112;90;Yasuj;x;
2218;165;72;84;Sarvestan;x;
2219;58;88;180;Bandar Langeh;x;
2220;81;81;255;Bam;x;
2221;165;72;137;Mashhad;x;
2222;81;81;221;Ardakan;x;
2223;215;50;155;Larestan;x;
2224;190;44;0;Ferah;x;
2225;210;227;0;Bamyan;x;
2226;90;187;34;Jalalabad;x;
2227;208;154;12;Kunduz;x;
2228;40;59;211;Maymana;x;
2229;90;156;34;Bust;x;
2230;143;34;255;Chagai;x;
2231;121;210;41;Bela;x;
2232;190;72;59;Kharan;x;
2233;152;137;59;Western Makran;x;
2234;193;215;62;Rafsanjan;x;
2235;190;72;96;Sabzevar;x;
2236;131;211;134;Bojnord;x;
2237;160;109;157;Tekrur;x;
2238;80;73;160;Kantor;x;
2239;120;75;185;Siine;x ;
2240;120;137;132;Galam;x;
2241;200;111;182;Beafada;x;
2242;240;69;110;Karou;x;
2243;80;135;107;Termes;x;
2244;160;139;157;Tagant;x;
2245;240;113;207;Wagadu;x;
2246;40;115;232;Baghena;x;
2247;80;117;83;Walata;x;
2248;120;119;108;Do;x;
2249;160;151;133;Sibiridugu;x;
2250;160;77;210;Bendugu;x ;
2251;80;61;184;Bagoe;x ;
2252;200;117;235;Lobi;x;
2253;160;121;133;Gwiriko;x;
2254;240;125;232;Bonoman;x;
2255;40;127;183;Gyaaman;x;
2256;40;139;159;Dagbon;x;
2257;80;129;208;Denkyira;x;
2258;120;131;233;Cape Coast;x;
2259;160;133;84;Bara;x;
2260;200;79;235;Mema;x;
2261;160;115;210;Kala;x;
2262;116;98;168;Karabara;x;
2263;200;91;211;Haayre;x;
2264;200;135;109;Hombori;x;
2265;240;119;86;Liptako;x;
2266;140;199;183;Bilanga;x;
2267;240;137;134;Tenkodogo;x;
2268;40;83;11;Aribanda;x;
2269;200;147;85;Zarmaganda;x;
2270;40;121;11;Dallol;x;
2271;80;141;184;Azawagh;x;
2272;160;127;186;Azbin;x;
2273;120;143;209;Ader;x;
2274;160;145;234;Agades;x;
2275;120;125;161;Tenere;x;
2276;80;123;136;Itesan;x;
2277;240;161;86;Kawar;x ;
2278;240;149;110;Kebbi;x ;
2279;120;155;185;Daura;x;
2280;160;157;210;Biram;x;
2281;200;159;235;Rano;x;
2282;40;151;135;Muniyo;x;
2283;240;143;207;Bedde;x;
2284;160;89;186;Manga;x;
2285;200;129;211;Marghi;x;
2286;240;131;236;Logone;x;
2287;40;163;11;Kotoko;x;
2288;40;133;82;Yao;x;
2289;40;71;135;Ondo;x ;
2290;240;81;86;Ijebu;x;
2291;120;87;161;Ketu;x;
2292;140;145;232;Moshi;x;
2293;200;141;182;Yawuri;x;
2294;200;153;158;Warri;x;
2295;80;147;83;Atakora;x;
2296;209;68;153;Biga;x;
2297;245;152;169;Saruhan;x;
2298;255;230;147;Tekke;x;
2299;226;231;102;Bolu;x;
2300;198;68;153;Bozok;x;
2301;0;155;175;Kayseri;x;
2302;187;186;222;Icel;x;
2303;167;163;54;Malatya;x;
2304;157;36;128;Canik;x;
2305;89;153;66;Erzincan;x;
2306;184;183;51;Mush;x;
2307;207;225;132;Van;x;
2308;0;153;75;Cizre;x;
2309;132;41;144;Sinjar;x;
2310;250;19;41;Tikrit;x;
2311;51;130;63;Samawah;x;
2312;242;102;96;Wasit;x;
2313;181;181;52;Antioch;x;
2314;49;11;71;Rahba;x;
2315;139;22;59;Suez;x;
2316;4;24;61;Al Gharbia;x;
2317;149;201;61;Minya;x;
2318;157;215;209;Al Wahat;x;
2319;206;231;202;Asyut;x;
2320;62;48;146;Ras Gharib;x;
2321;203;185;45;Queseer;x;
2322;212;227;131;Wadi Halfa;x;
2323;158;168;213;Sahra an Nubyah;x;
2324;239;69;139;Halaib;x;
2325;245;244;179;Tarrana;x;
2326;178;31;114;Bardiyah;x;
2327;154;216;222;Maan;x;
2328;0;120;91;Tayma;x;
2329;101;125;54;Yanbu;x;
2330;59;82;37;Ma'din Sulaym;x;
2331;250;203;224;Jeddah;x;
2332;188;228;233;Truba;x;
2333;0;124;194;Abd al-Qays;x;
2334;225;224;174;Badiyat ash Sham;x;
2335;9;115;187;Tamara;x;
2336;238;16;102;Falaj;x;
2337;255;21;245;Unaizah;x;
2338;201;24;126;Hafar;x;
2339;157;34;114;Yabrin;x;
2340;91;4;48;Grane;x;
2341;213;231;178;Sharqiyah;x;
2342;56;16;31;Wusta;x;
2343;117;18;67;Hadramawt;x;
2344;210;25;111;Al Jawf;x;
2345;240;238;129;Ahqaf;x;
2346;252;183;112;Jazan;x;
2347;0;120;94;Hofuf;x;
2348;108;157;64;Chios;x;
2349;71;208;47;Kizil-Su;x;
2350;151;50;205;Konjikala;x;
2351;169;158;86;Shekty;x;
2352;103;104;152;Alty-Kuduk;x;
2353;57;202;53;Tortkara;x;
2354;155;167;88;Shegendyk;x;
2355;189;174;66;Narym;x;
2356;39;216;132;Shymkent;x;
2357;211;106;44;Aksary;x;
2358;179;181;74;Altyn;x;
2359;69;186;122;Baganaly;x;
2360;68;40;113;Tobykty;x;
2361;23;130;61;Dzhaman-Kuduk;x;
2362;168;175;18;Gurganj;x;
2363;145;49;49;Atakent;x;
2364;193;255;128;Talas;x;
2365;183;191;72;Orda;x;
2366;179;165;85;Utva;x;
2367;88;175;171;Lower Yik;x;
2368;135;100;164;Karamegdan;x;
2369;175;88;119;Lower Ishim;x;
2370;108;130;155;Kungirot;x;
2371;127;0;0;Song La;x;
2372;0;38;255;Hai Phong;x;
2373;137;76;72;Hue;x;
2374;53;204;105;Kauthara;x;
2375;182;255;0;Tay Nguyen;x;
2376;225;191;0;Prek Russey;x;
2377;82;199;61;Teuk Khmao;x;
2378;255;0;110;Kratie;x;
2379;0;148;255;Battambang;x;
2380;190;35;195;Phnom Penh;x;
2381;34;65;11;Luang Namtha;x;
2382;154;12;26;Savanh Nakhone;x;
2383;127;31;12;Khukhanor Surin;x;
2384;17;79;170;Nong Khai;x;
2385;42;127;127;Nongbua Lamphu;x;
2386;91;112;0;Chaiyaphum;x;
2387;71;64;128;Phetchaburi;x;
2388;32;38;255;Phitsanulok;x;
2389;213;130;225;Phra Bang;x;
2390;202;66;152;Chaiya;x;
2391;211;44;63;Thalang;x;
2392;135;98;114;Selangor;x;
2393;44;142;85;Terengganu;x;
2394;92;175;36;Kedah;x;
2395;32;124;32;Hkamti Long;x;
2396;255;117;154;Mong Kawng;x;
2397;141;255;107;Tamanthi;x;
2398;53;168;141;Thaungdut;x;
2399;255;242;109;Pagan;x;
2400;255;160;58;Hsipaw;x;
2401;255;163;137;Yawnghwe;x;
2402;137;255;104;Sandoway;x;
2403;255;92;71;Martaban;x;
2404;97;198;71;Mergui;x;
2405;54;91;72;Bendery;x;
2406;151;78;142;Ingil;x;
2407;89;70;120;Pereyaslav;x;
2408;211;223;69;Lipetsk;x;
2409;202;43;139;Bahmut;x;
2410;153;230;204;Theodoro;x;
2411;179;204;153;Mansur;x;
2412;122;143;170;Kyzyl-Yar;x;
2413;70;70;122;Tyn;x;
2414;116;74;122;Azaraba;x;
2415;60;44;114;Etkara;x;
2416;66;75;120;Majar;x;
2417;182;25;40;Kuma;x;
2418;85;58;215;Ukek;x;
2419;171;208;192;Kanadey;x;
2420;247;22;12;Agyidel;x;
2421;45;31;18;Ar-Chally;x;
2422;163;72;18;Veda-Suvar;x;
2423;163;189;18;Alatyr;x;
2424;151;186;110;Peremyshl;x;
2425;89;61;78;Naryan-Mar;x;
2426;34;74;126;Yamal;x;
2427;166;83;32;Ostyaki;x;
2428;153;102;93;Yugan;x;
2429;63;102;93;Agan;x;
2430;88;198;79;Baykha;x;
2431;172;201;135;Uchamin;x;
2432;162;183;79;Chulym;x;
2433;170;202;126;Vah;x;
2434;63;134;173;Barnaul;x;
2435;34;80;89;Nukhtui;x;
2436;34;43;58;Chuna;x;
2437;154;175;58;Seganka;x;
2438;34;74;58;Kharya;x;
2439;173;104;32;Yarmanka;x;
2440;173;66;32;Kagyrgyn;x;
2441;72;130;79;Iglino;x;
2442;72;28;79;Ust-Kut;x;
2443;47;122;167;Kan;x;
2444;164;48;70;Bashgird;x;
2445;166;144;32;Mangazea;x;
2446;148;47;32;Chara;x;
2447;228;43;43;Mantrega;x;
2448;144;31;145;Fezzan;x;
2449;81;144;95;Jufra;x;
2450;207;131;46;Ghadames;x;
2451;39;31;246;Thubaqt;x;
2452;165;31;196;Zuwarah;x;
2453;102;12;145;Sfax;x;
2454;228;231;95;Kairouan;x;
2455;60;161;46;Bizerte;x;
2456;186;131;246;Touggourt;x;
2457;123;51;196;Mzab;x;
2458;249;249;145;Hodna;x;
2459;21;1;95;Titteri;x;
2460;147;151;46;Saoura;x;
2461;84;131;246;Dahra;x;
2462;210;11;196;Ouarsenis;x;
2463;42;12;145;Kasdir;x;
2464;168;151;95;Ouarzazate;x;
2465;105;109;46;Oujda;x;
2466;231;15;246;Draa;x;
2467;63;119;196;Meknes;x;
2468;189;221;145;Tadla;x;
2469;126;1;95;Dukkala;x;
2470;252;31;46;Haha;x;
2471;1;246;246;Chott el-Jerid;x;
2472;252;131;46;Ouargla;x;
2473;189;121;145;Souss;x;
2474;148;133;60;Tajarhi;x;
2475;37;133;180;Djado;x;
2476;1;0;145;Kumeyaay;x;
2477;127;20;145;Yuki;x;
2478;64;119;246;Tachi;x;
2479;190;100;196;Maidu;x;
2480;22;32;145;Shasta;x;
2481;148;161;95;Klamath;x;
2482;85;91;46;Kalapuya;x;
2483;211;31;246;Umatilla;x;
2484;43;51;196;Quileute;x;
2485;169;2;145;Chehalis;x;
2486;106;12;95;Yakima;x;
2487;232;201;46;Spokane;x;
2488;4;51;246;Palus;x;
2489;130;130;196;Bohogue;x;
2490;67;201;145;Goshute;x;
2491;193;139;95;Hualapai;x;
2492;25;191;46;Chiricahua;x;
2493;151;161;246;Hopi;x;
2494;88;38;196;Zuni;x;
2495;214;231;145;Acoma;x;
2496;46;231;95;Jicarilla;x;
2497;172;191;46;Lipiyanes;x;
2498;109;41;246;Jumao;x;
2499;235;152;196;Coahuilteco;x;
2500;7;131;145;Querecho;x;
2501;133;231;95;Piegan;x;
2502;70;161;46;Haaninin;x;
2503;196;31;246;Ashshipite;x;
2504;28;171;196;Eelalapito;x;
2505;154;243;145;Tsitsistas;x;
2506;91;2;95;Kuccuntikka;x;
2507;217;131;46;Baachinena;x;
2508;49;141;246;Skiri;x;
2509;175;43;196;Utsehta;x;
2510;112;164;145;Mandan;x;
2511;238;244;95;Itscheabine;x;
2512;10;121;46;Wahpekute;x;
2513;136;158;246;Moingwena;x;
2514;73;112;196;Michigamea;x;
2515;199;232;145;Satuskhdin;x;
2516;31;64;95;Adai;x;
2517;157;164;46;Mdewakanton;x;
2518;94;48;246;Noquet;x;
2519;220;44;196;Kilatika;x;
2520;52;183;145;Mengkonkia;x;
2521;178;3;95;Okouara;x;
2522;115;141;46;Mascouten;x;
2523;241;101;246;Piankeshaw;x;
2524;13;31;196;Wabash;x;
2525;139;11;145;Chillicothe;x;
2526;76;1;95;Shatteras;x;
2527;202;202;46;Chickamauga;x;
2528;34;122;246;Yazoo;x;
2529;160;221;196;Natchez;x;
2530;97;12;145;Biloxi;x;
2531;223;132;95;Napochi;x;
2532;55;131;46;Tohome;x;
2533;181;201;246;Chatot;x;
2534;118;131;196;Yustaga;x;
2535;244;231;145;Calusa;x;
2536;16;19;95;Mayaimi;x;
2537;142;31;46;Hitchiti;x;
2538;79;131;246;Yamasee;x;
2539;205;1;196;Mocama;x;
2540;37;6;145;Coweta;x;
2541;163;191;95;Saluda;x;
2542;100;3;46;Cusabo;x;
2543;226;41;246;Waccamaw;x;
2544;58;1;196;Yadkin;x;
2545;184;31;145;Waxhaw;x;
2546;121;161;95;Chicora;x;
2547;247;131;46;Roanoke;x;
2548;19;131;246;Tutelo;x;
2549;145;255;196;Moratok;x;
2550;82;31;145;Doeg;x;
2551;208;199;95;Monongahela;x;
2552;40;61;46;Manahoac;x;
2553;166;31;246;Potomac;x;
2554;103;21;196;Nanticoke;x;
2555;229;31;145;Honniasont;x;
2556;61;31;95;Juniata;x;
2557;187;222;46;Atrakwaye;x;
2558;124;131;246;Espachomy;x;
2559;250;141;196;Adirondack;x;
2560;2;131;145;Quinnipiac;x;
2561;128;181;95;Wampanoag;x;
2562;65;133;46;Pennacook;x;
2563;191;123;246;Missiquoi;x;
2564;23;31;196;Sokoki;x;
2565;149;122;145;Kennebec;x;
2566;86;141;95;Passamaquoddy;x;
2567;212;215;46;Aroostook;x;
2568;44;131;246;Kespukwitk;x;
2569;170;31;196;Eskikewakik;x;
2570;107;31;145;Wolystoq;x;
2571;233;111;95;Madawaska;x;
2572;5;202;46;Siknikt;x;
2573;131;101;246;Placentia;x;
2574;68;1;196;Sikumiut;x;
2575;194;214;145;Naskapi;x;
2576;26;3;95;Mingan;x;
2577;152;1;46;Manicouagan;x;
2578;89;121;246;Anticosti;x;
2579;215;2;196;Piekougami;x;
2580;47;1;145;Atikamekw;x;
2581;173;199;95;Timiskaming;x;
2582;110;1;46;Maliseet;x;
2583;236;51;246;Etchemins;x;
2584;8;121;196;Loup;x;
2585;134;31;145;Kichesipi;x;
2586;71;194;95;Tionontate;x;
2587;197;197;46;Odawa;x;
2588;29;41;246;Piscatang;x;
2589;155;31;196;Kesagami;x;
2590;92;45;145;Shaggami;x;
2591;218;26;95;Outoulibi;x;
2592;50;131;46;Omushkego;x;
2593;221;144;246;Wappus;x;
2594;176;181;246;Quenebigon;x;
2595;113;131;196;Kesyehotinne;x;
2596;239;18;145;Mahmikiwiniyak;x;
2597;11;51;95;Sipiwininiwak;x;
2598;137;28;46;Hebina;x;
2599;74;15;246;Athabasca;x;
2600;200;31;196;Nihithawak;x;
2601;32;64;145;Danezaa;x;
2602;158;114;95;Siksikawa;x;
2603;95;122;46;Sekani;x;
2604;53;131;196;Dakelh;x;
2605;179;219;145;Secwepemc;x;
2606;116;3;95;Tsilhoqotin;x;
2607;242;255;46;Okanagan;x;
2608;14;130;246;Rocky Mountains;x;
2609;140;131;196;Nisga'a;x;
2610;77;132;145;Heiltsuk;x;
2611;203;41;95;Kodiak;x;
2612;35;221;46;Eyak;x;
2613;161;131;246;Sitka;x;
2614;98;31;196;Cotoname;x;
2615;224;44;145;Guamares;x;
2616;56;31;95;Seri;x;
2617;182;201;46;Huichol;x;
2618;119;154;246;Toboso;x;
2619;245;31;196;Laguneros;x;
2620;17;131;145;Nakipa;x;
2621;143;19;95;Tizapan;x;
2622;80;31;46;Cuitzeo;x;
2623;206;154;246;Cutzamala;x;
2624;38;44;196;Patzcuaro;x;
2625;164;12;145;Hinonoeino;x;
2626;101;31;95;Tulucan;x;
2627;227;201;46;Cihuatlan;x;
2628;59;132;246;Tepeacac;x;
2629;185;227;196;Coyolapan;x;
2630;122;232;145;Tochtepec;x;
2631;248;248;95;Zaachila;x;
2632;20;131;46;Xicallanco;x;
2633;146;146;246;Mani;x;
2634;83;119;196;Uaymil;x;
2635;209;219;145;Chiapas;x;
2636;41;15;95;Chacujal;x;
2637;167;37;46;Chortli;x;
2638;104;124;246;Xoconochco;x;
2639;230;31;196;Raritan;x;
2640;104;54;246;Lenca;x;
2641;240;31;196;Tziccoac;x;
2642;62;45;145;Metztitlan;x;
2643;188;191;95;Apatzingan;x;
2644;125;31;46;Cholula;x;
2645;251;188;246;Teloloapan;x;
2646;3;31;196;Coixtlahuacan;x;
2647;129;31;145;Cuetlaxtlan;x;
2648;66;13;95;Yopitzinco;x;
2649;192;201;46;Tehuantepec;x;
2650;25;31;246;Champutun;x;
2651;150;231;196;Ah Canul;x;
2652;87;31;145;Ecab;x;
2653;213;213;95;Iximch;x;
2654;45;131;46;Baracoa;x;
2655;171;31;246;Bayamo;x;
2656;108;31;196;Camaguey;x;
2657;234;31;145;Colima;x;
2658;6;15;95;Maguana;x;
2659;132;16;46;Magua;"x 	";
2660;69;31;246;Managua;x;
2661;195;31;196;Uluas;x;
2662;27;141;145;Olancho;x;
2663;153;31;95;Nicoya;x;
2664;90;31;46;Veraguas;x;
2665;216;31;246;Ais;x;
2666;48;31;196;Tuintsund;x;
2667;174;231;145;Cacaxtes;x;
2668;111;31;95;Borrado;x;
2669;237;31;46;Hasinai;x;
2670;111;61;95;Tkaronto;x;
2671;237;231;46;Missisage;x;
2672;192;101;46;Kitkehaki;x;
2673;51;255;40;Pasai;x;
2674;60;214;57;Peureulak;x;
2675;29;38;119;Rokan;x;
2676;150;146;184;Indragiri;x;
2677;48;55;127;Jambi;x;
2678;214;113;131;Bangka;x;
2679;21;117;104;Belitung;x;
2680;55;130;71;Muko-Muko;x;
2681;76;118;155;Pagarruyung;x;
2682;92;59;239;Pariaman;x;
2683;130;64;29;Mentawai;x;
2684;79;130;125;Nias;x;
2685;237;46;40;Gayo;x;
2686;44;214;56;Bintan;x;
2687;216;49;158;Pakuan;x;
2688;130;85;130;Cirebon;x;
2689;198;98;83;Kendal;x;
2690;165;116;117;Pajang;x;
2691;216;58;34;Kediri;x;
2692;216;67;201;Madura;x;
2693;104;16;91;Lombok;x;
2694;136;210;148;East Gangwon;x;
2695;107;66;100;East Timor;x;
2696;181;45;81;Yamdena;x;
2697;163;70;58;Tondo;x;
2698;163;207;58;Pangasinan;x;
2699;255;75;66;Bikol;x;
2700;197;255;53;Panay;x;
2701;219;211;164;Tagloc;x;
2702;65;219;88;Butuan;x;
2703;104;158;82;Lehad Datu;x;
2704;132;76;108;Sibu;x;
2705;131;183;111;Kuching;x;
2706;255;61;138;Katapang;x;
2707;234;86;86;Barito;x;
2708;255;107;28;Sampit;x;
2709;196;102;196;Tarakan;x;
2710;87;204;89;Berau;x;
2711;105;135;119;Bulungan;x;
2712;175;65;144;Samarinda;x;
2713;255;228;94;Gorontalo;x;
2714;255;89;185;Palu;x;
2715;127;150;255;Palopo;x;
2716;137;255;124;Buton;x;
2717;201;219;43;Sula;x;
2718;241;207;129;Fak-Fak;x;
2719;119;128;17;Madang;x;
2720;82;206;171;Lae;x;
2721;131;198;119;Kerema;x;
2722;178;198;73;Daru;x;
2723;33;198;152;Yos Sudarso;x;
2724;221;212;104;Asmat;x;
2725;124;63;62;Aru;x;
2726;147;120;31;Malgana;x;
2727;255;141;71;Minang;x;
2728;93;107;37;Tiwi;x;
2729;255;102;79;Yolngu;x;
2730;38;104;109;Awngthim;x;
2731;53;255;77;Guugu Yimithirr;x;
2732;45;107;40;Wulgurukaba;x;
2733;255;101;63;Baiali;x;
2734;170;83;124;Yuin;x;
2735;32;82;163;Gunditjmara;x;
2736;253;255;158;Nukunu;x;
2737;124;56;0;Ahuriri;x;
2738;186;139;0;Waitaha;x;
2739;152;83;186;Kirikiriroa;x;
2740;249;177;179;Borneo;x;
2741;138;58;45;Jeju;x;
2742;162;64;128;Yukjin;x;
2743;209;139;185;North Hamgyeong;x;
2744;122;48;97;North Pyongan;x;
2745;134;53;105;West Gyeongsang;x;
2746;213;38;84;Vidin;x;
2747;106;186;80;Khara Narin Ula;x;
2748;80;32;128;Jianchang;x;
2749;37;208;234;Tikhvin;x;
2750;234;227;107;Plovdiv;x;
2751;68;230;179;Cuenca;x;
2752;3;196;128;Sogn;x;
2753;188;67;67;Narbonne;x;
2754;231;35;179;La Mancha;x;
2755;68;8;179;Soria;x;
2756;166;56;206;Welayta;x;
2757;86;116;66;Kaffa;x;
2758;46;186;146;Illubabor;x;
2759;116;166;116;Gambela;x;
2760;126;216;46;Hadiya;x;
2761;134;44;124;Arsi;x;
2762;120;55;111;Damot;x;
2763;48;148;218;Asosa;x;
2764;26;216;116;Ausa;x;
2765;146;66;126;Assab;x;
2766;186;46;176;Mendefera;x;
2767;82;128;128;Enderta;x;
2768;198;74;105;Angot;x;
2769;193;91;31;Lasta;x;
2770;58;147;124;Agew;x;
2771;71;100;145;Semien;x;
2772;145;101;5;Dembiya;x;
2773;151;190;194;Mora;x;
2774;93;188;84;Kismayo;x;
2775;204;79;98;Merca;x;
2776;89;155;254;Afgooye;x;
2777;89;124;82;Bardera;x;
2778;178;66;140;Warder;x;
2779;183;255;142;Afder;x;
2780;219;174;92;Beledweyne;x;
2781;89;138;43;Gedo;x;
2782;206;152;45;Warsheikh;x;
2783;155;170;68;Hobyo;x;
2784;142;151;215;Galkayo;x;
2785;255;153;153;El Buur;x;
2786;86;100;255;Bosaso;x;
2787;201;151;89;Hamasien;x;
2788;201;201;89;Hafun;x;
2789;194;170;163;Las Khorey;x;
2790;194;89;105;Sanaag;x;
2791;126;107;255;Ankober;x;
2792;211;163;46;Togdheer;x;
2793;97;209;85;Hargeisa;x;
2794;206;145;88;Barawa;x;
2795;206;101;70;Meregh;x;
2796;183;132;255;Pate;x;
2797;200;122;110;Shendy;x;
2798;160;160;88;Soba;x;
2799;48;97;59;Sennar;x;
2800;167;174;136;Kosti;x;
2801;47;174;78;Medwa;x;
2802;137;75;113;Kobbe;x;
2803;194;235;0;Delta;x;
2804;114;125;229;Guasipati;x;
2805;27;143;57;Uyapari;x;
2806;208;224;161;Riohacha;x;
2807;31;196;124;Altagracia;x;
2808;212;203;165;Coro;x;
2809;193;104;146;Llanos;x;
2810;184;224;133;Apure;x;
2811;196;122;203;Atabapo;x;
2812;39;189;75;Pore;x;
2813;68;93;174;Merida;x;
2814;66;225;110;Meta;x;
2815;147;198;249;Puerto Carreno;x;
2816;232;144;132;Guavire;x;
2817;215;227;10;Nieva;x;
2818;215;34;10;Popayan;x;
2819;205;227;166;Darien;x;
2820;210;55;24;Esmeraldas;x;
2821;203;13;178;Piwra;x;
2822;203;230;178;Tucume;x;
2823;162;29;132;Moyomba;x;
2824;26;229;50;Wankapampa;x;
2825;208;231;17;Pisqupampa;x;
2826;227;10;66;Chimbote;x;
2827;234;182;195;Huaraz;x;
2828;155;76;12;Camana;x;
2829;212;200;121;Ayaviri;x;
2830;212;54;121;Quero;x;
2831;129;170;176;Tiahuanaco;x;
2832;53;203;7;Exaltacion;x;
2833;203;28;28;Madre de Dios;x;
2834;229;187;219;Santa Cruz de la Sierra;x;
2835;227;205;162;Sucre;x;
2836;121;191;224;Tucuman;x;
2837;164;195;139;Santa Catalina;x;
2838;203;49;78;Tarija;x;
2839;223;236;112;Puna de Atacama;x;
2840;192;102;234;Calama;x;
2841;87;166;169;Antofagasta;x;
2842;74;6;176;Santiago del Estero;x;
2843;115;227;215;La Rioja;x;
2844;207;88;96;Chepes;x;
2845;220;218;83;San Juan;x;
2846;201;29;167;Quisquisacate;x;
2847;61;225;80;San Luis;x;
2848;112;183;0;Santa Fe;x;
2849;195;231;140;Rosario;x;
2850;238;42;55;Montevideo;x;
2851;217;40;128;Colonia;x;
2852;102;64;154;Salto;x;
2853;239;193;128;Yareyu;x;
2854;39;54;255;Chaco Central;x;
2855;175;213;219;Misiones;x;
2856;80;211;231;Highveld;x;
2857;131;154;204;Rio Grande do Sul;x;
2858;138;169;13;Santiago (Misiones);x;
2859;243;235;206;Itapua;x;
2860;179;64;89;Querandi;x;
2861;130;104;224;Sauce;x;
2862;28;77;217;Coquimbo;x;
2863;220;131;82;Rio Negro;x;
2864;16;91;52;Senqu;x;
2865;196;165;91;Puelches;x;
2866;234;27;27;Olavarria;x;
2867;154;92;25;Chanar;x;
2868;201;74;24;Bahia Blanca;x;
2869;225;248;32;Florida Blanca;x;
2870;198;12;148;Tehuelmapu;x;
2871;162;91;52;Poya;x;
2872;94;52;213;Chiquiyami;x;
2873;141;225;31;Chiloe;x;
2874;27;159;129;Aysen;x;
2875;179;101;229;Chubut;x;
2876;58;117;171;Teush;x;
2877;97;56;208;Mendoza;x;
2878;191;40;143;Matara;x;
2879;9;140;159;Santa Tecla;x;
2880;164;234;53;Griqualand;x;
2881;124;22;150;Corumba;x;
2882;140;215;23;Fuerte Borbon;x;
2883;73;105;12;Melodia;x;
2884;239;33;57;Povos das Missoes;x;
2885;237;42;10;Barra;x;
2886;219;26;16;Parnaiba;x;
2887;13;172;47;Santa Catarina;x;
2888;60;68;219;Cuiaba;x;
2889;101;200;35;Rio Branco;x;
2890;184;44;219;Marajo;x;
2891;177;115;49;Santa Ana das Minas;x;
2892;108;80;213;Araxas;x;
2893;108;140;23;Ofaie;x;
2894;51;88;196;Sao Joao del Rei;x;
2895;50;191;200;Castro;x;
2896;234;61;69;Campinas;x;
2897;116;224;158;Araraquara;x;
2898;237;44;0;Serro;x;
2899;232;197;34;Vila Rica;x;
2900;213;84;63;Guapore;x;
2901;219;210;106;Cerejeiras;x;
2902;30;80;222;Vila Bela;x;
2903;225;47;5;Caceres Mato Grosso;x;
2904;198;166;54;Diamantino;x;
2905;227;31;59;Rio Das Mortes;x;
2906;219;44;97;Ipora;x;
2907;31;236;55;Vila Boa;x;
2908;231;147;101;Formosa;x;
2909;56;203;20;Conceicao;x;
2910;220;138;41;Pontal;x;
2911;83;46;201;Natividad;x;
2912;232;205;202;Sergipe;x;
2913;208;20;175;Jeremoabo;x;
2914;62;16;191;Inhambupe;x;
2915;133;105;215;Pambu;x;
2916;200;153;63;Rio Contas;x;
2917;81;145;18;Paratinga;x;
2918;239;221;25;Campo Largo;x;
2919;128;188;22;Luziana;x;
2920;241;204;106;Coxim;x;
2921;217;232;114;Alegoas;x;
2922;21;102;201;Borborema;x;
2923;218;229;92;Pastos Bons;x;
2924;94;145;166;Timon;x;
2925;49;196;123;Parnagua;x;
2926;52;123;87;Grajau;x;
2927;200;160;82;Alcantara;x;
2928;229;22;80;Tucurui;x;
2929;166;19;60;Para;x;
2930;239;225;105;Santarem;x;
2931;44;225;91;Pirara;x;
2932;44;72;166;Waddai;x;
2933;43;143;201;Faro;x;
2934;222;176;35;Manaus;x;
2935;239;49;105;Muturu;x;
2936;72;80;35;Guyana;x;
2937;225;45;45;Suriname;x;
2938;236;171;15;Oiapoque;x;
2939;236;78;0;;Zaraza;x
2940;167;186;36;;Chichas (Tupiza);x
2941;12;149;188;;Choquechaca (Caracaras);x
2942;31;124;26;;Charcas;x
2943;45;116;57;;Chachapoyas;x
2944;219;84;58;;Ucayali;x
2945;121;162;208;;Yurimaguas;x
2946;42;72;201;;Quillacas;x
2947;68;225;26;Macaya;x;
2948;196;104;191;Matamba;x;
2949;72;198;51;Mbata;x;
2950;32;218;173;Buhera;x;
2951;236;57;116;Manikya;x;
2952;236;220;116;Madanda;x;
2953;236;222;116;Hjlmaren;x;
2954;29;59;159;Djerba;x;
2955;107;121;191;Ingolstadt;x;
2956;224;134;54;Straubing;x;
2957;70;224;54;Regensburg;;
2958;239;33;81;Osterode;;
2959;255;133;59;Tarnow;;
2960;61;201;123;Sadecki;;
2961;241;249;20;Lwow;;
2962;208;213;71;Rowne;;
2963;85;232;161;Notec/Bydgoszcz;;
2964;75;169;217;Altmark;;
2965;52;253;37;Vogtland;;
2966;243;1;69;Glogau;;
2967;32;251;212;Eger;;
2968;88;163;215;Budejovice;;
2969;121;225;101;Sternberg;;
2970;255;239;163;Hradekco;;
2971;231;154;5;Hoya;;
2972;249;240;1;Paderborn;;
2973;255;162;53;Meppen;;
2974;248;19;19;Loon;;
2975;42;231;108;Kleves;;
2976;205;23;23;Umbria;;
2977;248;231;136;Urbino;;
2978;99;204;234;Arezzo;;
2979;192;219;10;Novara;;
2980;241;15;15;Lucca;;
2981;222;108;69;Asti;;
2982;227;135;53;Syracuse;;
2983;150;159;47;Salerno;;
2984;206;227;169;Costenza;;
2985;223;236;73;Capitanata;;
2986;55;246;23;Cagliari;;
2987;220;251;47;Urgell;;
2988;232;11;11;Tarragona;;
2989;200;58;78;Rioja;;
2990;181;150;96;Teruel;;
2991;243;21;172;Draguignan;;
2992;91;125;222;Albenga;;
2993;136;48;142;Stargard;;
2994;248;245;157;Greifswald;;
2995;234;228;174;Stolp;;
2996;229;171;33;Wismar;;
2997;34;25;232;Pomerelia;;
2998;48;193;191;Bucaresti;;
2999;255;90;203;Hormuz;;
3000;231;176;70;Nis;;
3001;232;5;5;Skopje;;
3002;134;198;192;Sarajevo;;
3003;188;110;220;Euboea;;